Workbook

Sheet TUBULAR VERDE
A1: COMPAÑÍA OPITA DE FRIO SAS | E1: VERDE
A2: CONTROL DE TIEMPO DE PRODUCCION
A3: LINEA TUBULAR
B4: TIEMPO HORARICA | E4: CONTROL HOROMETRO | H4: PRODUCTOS | O4: OBSERVACIONES
A5: FECHA | B5: HORA INICIO | C5: HORA FIN | D5: TIEMP PRENDIDA | E5: HOROM INC | F5: HOROM FIN | G5: TIEMP PROD | H5: BOLSA 1,5 KG | I5: BOLSA 3 KG | J5: BOLSA 7 KG | K5: BOLSA 15 KG | L5: BTO 25 KG | M5: KILOS PROD | N5: PROD POR | O5: AYUDANTE | P5: OBSERVACION
H6: 1.5 | I6: 3 | J6: 7 | K6: 15 | L6: 25 | N6: HORA | V6: maquina
A7: 46082 | B7: 0.26180556 | C7: 0.74583333 | D7: =1+C7-B7 -> 1.4840278 | E7: 1674091 | F7: 1675172 | G7: =(F7-E7)/100 -> 10.81 | K7: 128 | M7: =+(($H$6*H7)+($I$6*I7)+($J$6*J7)+($K$6*K7)+($L$6*L7)) -> 1920 | N7: =M7/G7 -> 177.61332 | O7: Hernandez Luis | V7: fecha | W7: 46093
A8: 46082 | B8: 0.77638889 | C8: 0.2375 | D8: =1+C8-B8 -> 0.46111111 | E8: =F7 -> 1675172 | F8: 1676369 | G8: =(F8-E8)/100 -> 11.97 | I8: 142 | K8: 98 | L8: 3 | M8: =+(($H$6*H8)+($I$6*I8)+($J$6*J8)+($K$6*K8)+($L$6*L8)) -> 1971 | N8: =M8/G8 -> 164.66165 | O8: Yinso Novoa
A9: 46083 | B9: 0.25694444 | C9: 0.57083333 | D9: =1+C9-B9 -> 1.3138889 | E9: =F8 -> 1676369 | F9: 1677141 | G9: 8 | I9: 134 | J9: 63 | K9: 40 | M9: =+(($H$6*H9)+($I$6*I9)+($J$6*J9)+($K$6*K9)+($L$6*L9)) -> 1443 | N9: =M9/G9 -> 180.375 | O9: James Quintero
A10: 46083 | B10: 0.60277778 | C10: 0.73819444 | D10: =1+C10-B10 -> 1.1354167 | E10: =F9 -> 1677141 | F10: 1677529 | G10: =(F10-E10)/100 -> 3.88 | H10: 34 | I10: 108 | J10: 17 | K10: 9 | M10: =+(($H$6*H10)+($I$6*I10)+($J$6*J10)+($K$6*K10)+($L$6*L10)) -> 629 | N10: =M10/G10 -> 162.1134 | O10: Daniel Garcia
A11: 46083 | B11: 0.75902778 | C11: 0.91180556 | D11: =1+C11-B11 -> 1.1527778 | E11: =F10 -> 1677529 | F11: 1677928 | G11: =(F11-E11)/100 -> 3.99 | I11: 126 | J11: 19 | M11: =+(($H$6*H11)+($I$6*I11)+($J$6*J11)+($K$6*K11)+($L$6*L11)) -> 511 | N11: =M11/G11 -> 128.07018 | O11: quejada diego
A12: 46083 | B12: 0.92847222 | C12: 0.24652778 | D12: =1+C12-B12 -> 0.31805556 | E12: =F11 -> 1677928 | F12: 1678738 | G12: =(F12-E12)/100 -> 8.1 | I12: 139 | K12: 69 | M12: =+(($H$6*H12)+($I$6*I12)+($J$6*J12)+($K$6*K12)+(L6*L12)) -> 1452 | N12: =M12/G12 -> 179.25926 | O12: James Quintero
A13: 46084 | B13: 0.25694444 | C13: 0.58125 | D13: =1+C13-B13 -> 1.3243056 | E13: =F12 -> 1678738 | F13: 1679480 | G13: 7 | K13: 90 | M13: =+(($H$6*H13)+($I$6*I13)+($J$6*J13)+($K$6*K13)+(13*L13)) -> 1350 | N13: =M13/G13 -> 192.85714 | O13: Andres Tinoco
A14: 46084 | B14: 0.60763889 | C14: 0.76458333 | D14: =1+C14-B14 -> 1.1569444 | E14: =F13 -> 1679480 | F14: 1679907 | G14: =(F14-E14)/100 -> 4.27 | K14: 55 | M14: =+(($H$6*H14)+($I$6*I14)+($J$6*J14)+($K$6*K14)+($L$6*L14)) -> 825 | N14: =M14/G14 -> 193.20843 | O14: Hernandez Luis
A15: 46084 | B15: 0.79930556 | C15: 0.90763889 | D15: =1+C15-B15 -> 1.1083333 | E15: =F14 -> 1679907 | F15: 1680270 | G15: =(F15-E15)/100 -> 3.63 | K15: 12 | L15: 18 | M15: =+(($H$6*H15)+($I$6*I15)+($J$6*J15)+($K$6*K15)+($L$6*L15)) -> 630 | N15: =M15/G15 -> 173.55372 | O15: Hernandez Luis
A16: 46084 | B16: 0.92152778 | C16: 0.24375 | D16: =1+C16-B16 -> 0.32222222 | E16: =F15 -> 1680270 | F16: 1681060 | G16: =(F16-E16)/100 -> 7.9 | I16: 141 | K16: 43 | L16: 18 | M16: =+(($H$6*H16)+($I$6*I16)+($J$6*J16)+($K$6*K16)+($L$6*L16)) -> 1518 | N16: =M16/G16 -> 192.1519 | O16: Jhoan Sebastian
A17: 46085 | B17: 0.25833333 | C17: 0.57986111 | D17: =1+C17-B17 -> 1.3215278 | E17: =F16 -> 1681060 | F17: 1681858 | G17: =(F17-E17)/100 -> 7.98 | I17: 146 | K17: 63 | M17: =+(($H$6*H17)+($I$6*I17)+($J$6*J17)+($K$6*K17)+($L$6*L17)) -> 1383 | N17: =M17/G17 -> 173.30827 | O17: Andres Tinoco
A18: 46085 | B18: 0.59375 | C18: 0.74305556 | D18: =1+C18-B18 -> 1.1493056 | E18: =F17 -> 1681858 | F18: 1682245 | G18: =(F18-E18)/100 -> 3.87 | I18: 119 | K18: 20 | M18: =+(($H$6*H18)+($I$6*I18)+($J$6*J18)+($K$6*K18)+($L$6*L18)) -> 657 | N18: =M18/G18 -> 169.76744 | O18: Daniel Garcia
A19: 46085 | B19: 0.76041667 | C19: 0.90972222 | D19: =1+C19-B19 -> 1.1493056 | E19: =F18 -> 1682245 | F19: 1682675 | G19: =(F19-E19)/100 -> 4.3 | I19: 18 | J19: 32 | K19: 19 | M19: =+(($H$6*H19)+($I$6*I19)+($J$6*J19)+($K$6*K19)+($L$6*L19)) -> 563 | N19: =M19/G19 -> 130.93023 | O19: Daniel Garcia
A20: 46085 | B20: 0.95138889 | C20: 0.24583333 | D20: =1+C20-B20 -> 0.29444444 | E20: =F19 -> 1682675 | F20: 1683370 | G20: =(F20-E20)/100 -> 6.95 | J20: 99 | K20: 43 | M20: =+(($H$6*H20)+($I$6*I20)+($J$6*J20)+($K$6*K20)+(13*L20)) -> 1338 | N20: =M20/G20 -> 192.51799 | O20: Jhoan Sebastian
A21: 46086 | B21: 0.27083333 | C21: 0.57638889 | D21: =1+C21-B21 -> 1.3055556 | E21: =F20 -> 1683370 | F21: 1684158 | G21: =(F21-E21)/100 -> 7.88 | H21: 30 | J21: 94 | K21: 36 | M21: =+(($H$6*H21)+($I$6*I21)+($J$6*J21)+($K$6*K21)+($L$6*L21)) -> 1243 | N21: =M21/G21 -> 157.74112 | O21: Luis Torres | P21: bajones de energia
A22: 46086 | B22: 0.59027778 | C22: 0.74166667 | D22: =1+C22-B22 -> 1.1513889 | E22: =F21 -> 1684158 | F22: 1684572 | G22: =(F22-E22)/100 -> 4.14 | J22: 68 | K22: 12 | M22: =+(($H$6*H22)+($I$6*I22)+($J$6*J22)+($K$6*K22)+($L$6*L22)) -> 656 | N22: =M22/G22 -> 158.45411 | O22: Daniel Garcia
A23: 46086 | B23: 0.75833333 | C23: 0.91111111 | D23: =1+C23-B23 -> 1.1527778 | E23: =F22 -> 1684572 | F23: 1684959 | G23: =(F23-E23)/100 -> 3.87 | J23: 32 | K23: 8 | L23: 168 | M23: =+(($H$6*H23)+($I$6*I23)+($J$6*J23)+($K$6*K23)+($L$6*L23)) -> 4544 | N23: =M23/G23 -> 1174.1602 | O23: Daniel Garcia
A24: 46086 | B24: 0.92708333 | C24: 0.24583333 | D24: =1+C24-B24 -> 0.31875 | E24: =F23 -> 1684959 | F24: 1685750 | G24: =(F24-E24)/100 -> 7.91 | K24: 91 | M24: =+(($H$6*H24)+($I$6*I24)+($J$6*J24)+($K$6*K24)+($L$6*L24)) -> 1365 | N24: =M24/G24 -> 172.56637 | O24: Jhoan Sebastian
A25: 46087 | B25: 0.26388889 | C25: 0.57777778 | D25: =1+C25-B25 -> 1.3138889 | E25: =F24 -> 1685750 | F25: 1686541 | G25: =(F25-E25)/100 -> 7.91 | I25: 166 | K25: 53 | M25: =+(($H$6*H25)+($I$6*I25)+($J$6*J25)+($K$6*K25)+($L$6*L25)) -> 1293 | N25: =M25/G25 -> 163.46397 | O25: James Quintero
A26: 46087 | B26: 0.59305556 | C26: 0.74583333 | D26: =1+C26-B26 -> 1.1527778 | E26: =F25 -> 1686541 | F26: 1686935 | G26: =(F26-E26)/100 -> 3.94 | K26: 45 | M26: =+(($H$6*H26)+($I$6*I26)+($J$6*J26)+($K$6*K26)+($L$6*L26)) -> 675 | N26: =M26/G26 -> 171.3198 | O26: Humberto
A27: 46087 | B27: 0.77152778 | C27: 0.90763889 | D27: =1+C27-B27 -> 1.1361111 | E27: =F26 -> 1686935 | F27: 1687321 | G27: =(F27-E27)/100 -> 3.86 | I27: 54 | K27: 28 | M27: =+(($H$6*H27)+($I$6*I27)+($J$6*J27)+($K$6*K27)+($L$6*L27)) -> 582 | N27: =M27/G27 -> 150.7772 | O27: Humberto
A28: 46087 | B28: 0.92361111 | C28: 0.23888889 | D28: =1+C28-B28 -> 0.31527778 | E28: =F27 -> 1687321 | F28: 1688120 | G28: 4 | I28: 90 | K28: 71 | M28: =+(($H$6*H28)+($I$6*I28)+($J$6*J28)+($K$6*K28)+($L$6*L28)) -> 1335 | N28: =M28/G28 -> 333.75 | O28: Jhoan Sebastian
A29: 46087 | B29: 0.92361111 | C29: 0.23888889 | D29: =1+C29-B29 -> 0.31527778 | E29: =F28 -> 1688120 | F29: 1688120 | G29: 8 | I29: 90 | K29: 71 | M29: =+(($H$6*H29)+($I$6*I29)+($J$6*J29)+($K$6*K29)+($L$6*L29)) -> 1335 | N29: =M29/G29 -> 166.875 | O29: Jhoan Sebastian
A30: 46088 | B30: 0.27083333 | C30: 0.57361111 | D30: =1+C30-B30 -> 1.3027778 | E30: =F29 -> 1688120 | F30: 1688916 | G30: =(F30-E30)/100 -> 7.96 | H30: 25 | I30: 116 | J30: 53 | K30: 40 | M30: =+(($H$6*H30)+($I$6*I30)+($J$6*J30)+($K$6*K30)+(L30*13)) -> 1356.5 | N30: =M30/G30 -> 170.41457 | O30: James Quintero
A31: 46088 | B31: 0.59305556 | C31: 0.76458333 | D31: =1+C31-B31 -> 1.1715278 | E31: =F30 -> 1688916 | F31: 1689340 | G31: =(F31-E31)/100 -> 4.24 | I31: 116 | J31: 43 | K31: 1 | M31: =+(($H$6*H31)+($I$6*I31)+($J$6*J31)+($K$6*K31)+($L$6*L31)) -> 664 | N31: =M31/G31 -> 156.60377 | O31: david
A32: 46088 | B32: 0.77708333 | C32: 0.90694444 | D32: =1+C32-B32 -> 1.1298611 | E32: =F31 -> 1689340 | F32: 1689707 | G32: =(F32-E32)/100 -> 3.67 | K32: 38 | M32: =+(($H$6*H32)+($I$6*I32)+($J$6*J32)+($K$6*K32)+($L$6*L32)) -> 570 | N32: =M32/G32 -> 155.31335 | O32: yeison
A33: 46088 | B33: 0.92569444 | C33: 0.24166667 | D33: =1+C33-B33 -> 0.31597222 | E33: =F32 -> 1689707 | F33: 1690485 | G33: =(F33-E33)/100 -> 7.78 | H33: 33 | I33: 139 | J33: 67 | K33: 34 | M33: =+(($H$6*H33)+($I$6*I33)+($J$6*J33)+($K$6*K33)+($L$6*L33)) -> 1445.5 | N33: =M33/G33 -> 185.79692 | O33: Jhoan Sebastian
A34: 46089 | B34: 0.26041667 | C34: 0.66319444 | D34: =1+C34-B34 -> 1.4027778 | E34: =F33 -> 1690485 | F34: 1691510 | G34: =(F34-E34)/100 -> 10.25 | I34: 122 | K34: 87 | M34: =+(($H$6*H34)+($I$6*I34)+($J$6*J34)+($K$6*K34)+($L$6*L34)) -> 1671 | N34: =M34/G34 -> 163.02439 | O34: oscar andres | P34: a ñlas 16:20 se fue la luz
A35: 46089 | B35: 0.038888889 | C35: 0.24305556 | D35: =1+C35-B35 -> 1.2041667 | E35: =F34 -> 1691510 | F35: 1692079 | G35: =(F35-E35)/100 -> 5.69 | I35: 138 | K35: 30 | M35: =+(($H$6*H35)+($I$6*I35)+($J$6*J35)+($K$6*K35)+($L$6*L35)) -> 864 | N35: =M35/G35 -> 151.84534 | O35: Daniel Garcia | P35: se prende la tubular verde a las 00:30
A36: 46090 | B36: 0.25833333 | C36: 0.57291667 | D36: =1+C36-B36 -> 1.3145833 | E36: =F35 -> 1692079 | F36: 1692832 | G36: 8 | I36: 61 | K36: 74 | M36: =+(($H$6*H36)+($I$6*I36)+($J$6*J36)+($K$6*K36)+($L$6*L36)) -> 1293 | N36: =M36/G36 -> 161.625 | O36: quejada diego
A37: 46090 | B37: 0.60277778 | C37: 0.74166667 | D37: =1+C37-B37 -> 1.1388889 | E37: =F36 -> 1692832 | F37: 1693235 | G37: =(F37-E37)/100 -> 4.03 | K37: 40 | L37: 2 | M37: =+(($H$6*H37)+($I$6*I37)+($J$6*J37)+($K$6*K37)+($L$6*L37)) -> 650 | N37: =M37/G37 -> 161.29032 | O37: david
A38: 46090 | B38: 0.77361111 | C38: 0.90902778 | D38: =1+C38-B38 -> 1.1354167 | E38: =F37 -> 1693235 | F38: 1693588 | G38: =(F38-E38)/100 -> 3.53 | I38: 139 | K38: 13 | M38: =+(($H$6*H38)+($I$6*I38)+($J$6*J38)+($K$6*K38)+(13*L38)) -> 612 | N38: =M38/G38 -> 173.3711 | O38: Humberto
A39: 46090 | B39: 0.92708333 | C39: 0.24652778 | D39: =1+C39-B39 -> 0.31944444 | E39: =F38 -> 1693588 | F39: 1694384 | G39: =(F39-E39)/100 -> 7.96 | I39: 185 | J39: 58 | K39: 14 | M39: =+(($H$6*H39)+($I$6*I39)+($J$6*J39)+($K$6*K39)+($L$6*L39)) -> 1171 | N39: =M39/G39 -> 147.11055 | O39: quejada diego
A40: 46091 | B40: 0.27638889 | C40: 0.575 | D40: =1+C40-B40 -> 1.2986111 | E40: =F39 -> 1694384 | F40: 1695176 | G40: =(F40-E40)/100 -> 7.92 | H40: 40 | J40: 99 | K40: 48 | M40: =+(($H$6*H40)+($I$6*I40)+($J$6*J40)+($K$6*K40)+($L$6*L40)) -> 1473 | N40: =M40/G40 -> 185.98485 | O40: Luis Torres
A41: 46091 | B41: 0.5875 | C41: 0.72916667 | D41: =1+C41-B41 -> 1.1416667 | E41: =F40 -> 1695176 | F41: 1695591 | G41: =(F41-E41)/100 -> 4.15 | K41: 44 | L41: 2 | M41: =+(($H$6*H41)+($I$6*I41)+($J$6*J41)+($K$6*K41)+($L$6*L41)) -> 710 | N41: =M41/G41 -> 171.08434 | O41: oscar andres
A42: 46091 | B42: 0.77569444 | C42: 0.90486111 | D42: =1+C42-B42 -> 1.1291667 | E42: =F41 -> 1695591 | F42: 1695977 | G42: =(F42-E42)/100 -> 3.86 | K42: 46 | M42: =+(($H$6*H42)+($I$6*I42)+($J$6*J42)+($K$6*K42)+($L$6*L42)) -> 690 | N42: =M42/G42 -> 178.75648 | O42: Hernandez Luis
A43: 46091 | B43: 0.93472222 | C43: 0.24444444 | D43: =1+C43-B43 -> 0.30972222 | E43: =F42 -> 1695977 | F43: 1696765 | G43: =(F43-E43)/100 -> 7.88 | H43: 30 | I43: 131 | K43: 73 | M43: =+(($H$6*H43)+($I$6*I43)+($J$6*J43)+($K$6*K43)+($L$6*L43)) -> 1533 | N43: =M43/G43 -> 194.54315 | O43: quejada diego
A44: 46092 | B44: 0.25902778 | C44: 0.54791667 | D44: =1+C44-B44 -> 1.2888889 | E44: =F43 -> 1696765 | F44: 1697517 | G44: =(F44-E44)/100 -> 7.52 | J44: 105 | K44: 45 | M44: =+(($H$6*H44)+($I$6*I44)+($J$6*J44)+($K$6*K44)+(13*L44)) -> 1410 | N44: =M44/G44 -> 187.5 | O44: Andres Tinoco | P44: se apaga maquinaria par alavado de tanque y bajon de energia
A45: 46092 | B45: 0.62152778 | C45: 0.74583333 | D45: =1+C45-B45 -> 1.1243056 | E45: =F44 -> 1697517 | F45: 1697842 | G45: =(F45-E45)/100 -> 3.25 | K45: 26 | L45: 14 | M45: =+(($H$6*H45)+($I$6*I45)+($J$6*J45)+($K$6*K45)+($L$6*L45)) -> 740 | N45: =M45/G45 -> 227.69231 | O45: Luis Torres
A46: 46092 | B46: 0.62986111 | C46: 0.74097222 | D46: =1+C46-B46 -> 1.1111111 | E46: =F45 -> 1697842 | F46: 169915 | G46: 5 | K46: 16 | L46: 5 | M46: =+(($H$6*H46)+($I$6*I46)+($J$6*J46)+($K$6*K46)+($L$6*L46)) -> 365 | N46: =M46/G46 -> 73 | O46: Luis Torres
A47: 46092 | B47: 0.77430556 | C47: 0.90416667 | D47: =1+C47-B47 -> 1.1298611 | E47: 1697842 | F47: 1698218 | G47: =(F47-E47)/100 -> 3.76 | K47: 51 | M47: =+(($H$6*H47)+($I$6*I47)+($J$6*J47)+($K$6*K47)+($L$6*L47)) -> 765 | N47: =M47/G47 -> 203.45745 | O47: david
A48: 46092 | B48: 0.91875 | C48: 0.23611111 | D48: =1+C48-B48 -> 0.31736111 | E48: =F47 -> 1698218 | F48: 1699015 | G48: =(F48-E48)/100 -> 7.97 | I48: 191 | K48: 57 | M48: =+(($H$6*H48)+($I$6*I48)+($J$6*J48)+($K$6*K48)+(L48*13)) -> 1428 | N48: =M48/G48 -> 179.17189 | O48: quejada diego
A49: 46093 | B49: 0.26805556 | C49: 0.58125 | D49: =1+C49-B49 -> 1.3131944 | E49: =F48 -> 1699015 | F49: 1699574 | G49: =(F49-E49)/100 -> 5.59 | J49: 48 | K49: 41 | M49: =+(($H$6*H49)+($I$6*I49)+($J$6*J49)+($K$6*K49)+(L49*13)) -> 951 | N49: =M49/G49 -> 170.12522 | O49: yeison
A50: 46093 | B50: 0.59791667 | C50: 0.74930556 | D50: =1+C50-B50 -> 1.1513889 | E50: =F49 -> 1699574 | F50: 1699968 | G50: =(F50-E50)/100 -> 3.94 | I50: 101 | K50: =14+17 -> 31 | L50: 1 | M50: =+(($H$6*H50)+($I$6*I50)+($J$6*J50)+($K$6*K50)+($L$6*L50)) -> 793 | N50: =M50/G50 -> 201.26904 | O50: Humberto
A51: 46093 | B51: 0.77916667 | C51: 0.90625 | D51: =1+C51-B51 -> 1.1270833 | E51: =F50 -> 1699968 | F51: 1700357 | G51: =(F51-E51)/100 -> 3.89 | I51: 20 | K51: 45 | M51: =+(($H$6*H51)+($I$6*I51)+($J$6*J51)+($K$6*K51)+(13*L51)) -> 735 | N51: =M51/G51 -> 188.94602 | O51: Humberto
A52: 46093 | B52: 0.92152778 | C52: 0.24930556 | D52: =1+C52-B52 -> 0.32777778 | E52: =F51 -> 1700357 | F52: 1701156 | G52: =(F52-E52)/100 -> 7.99 | J52: 87 | K52: 63 | M52: =+(($H$6*H52)+($I$6*I52)+($J$6*J52)+($K$6*K52)+($L$6*L52)) -> 1554 | N52: =M52/G52 -> 194.49312 | O52: quejada diego
A53: 46094 | B53: 0.26736111 | C53: 0.57638889 | D53: =1+C53-B53 -> 1.3090278 | E53: =F52 -> 1701156 | F53: 1701960 | G53: =(F53-E53)/100 -> 8.04 | H53: 3 | I53: 149 | J53: 63 | K53: 34 | M53: =+(($H$6*H53)+($I$6*I53)+($J$6*J53)+($K$6*K53)+($L$6*L53)) -> 1402.5 | N53: =M53/G53 -> 174.4403 | O53: yeison
A54: 46094 | B54: 0.59097222 | C54: 0.74583333 | D54: =1+C54-B54 -> 1.1548611 | E54: =F53 -> 1701960 | F54: 1702346 | G54: =(F54-E54)/100 -> 3.86 | K54: 25 | L54: 14 | M54: =+(($H$6*H54)+($I$6*I54)+($J$6*J54)+($K$6*K54)+($L$6*L54)) -> 725 | N54: =M54/G54 -> 187.82383 | O54: Humberto
A55: 46094 | B55: 0.78125 | C55: 0.90347222 | D55: =1+C55-B55 -> 1.1222222 | E55: =F54 -> 1702346 | F55: 1702681 | G55: =(F55-E55)/100 -> 3.35 | K55: 37 | M55: =+(($H$6*H55)+($I$6*I55)+($J$6*J55)+($K$6*K55)+($L$6*L55)) -> 555 | N55: =M55/G55 -> 165.67164 | O55: Humberto
A56: 46094 | B56: 0.93194444 | C56: 0.24305556 | D56: =1+C56-B56 -> 0.31111111 | E56: =F55 -> 1702681 | F56: 1703461 | G56: =(F56-E56)/100 -> 7.8 | I56: 107 | K56: 81 | M56: =+(($H$6*H56)+($I$6*I56)+($J$6*J56)+($K$6*K56)+($L$6*L56)) -> 1536 | N56: =M56/G56 -> 196.92308 | O56: quejada diego
A57: 46095 | B57: 0.25625 | C57: 0.57777778 | D57: =1+C57-B57 -> 1.3215278 | E57: =F56 -> 1703461 | F57: 1704275 | G57: =(F57-E57)/100 -> 8.14 | H57: 79 | I57: 86 | K57: 70 | M57: =+(($H$6*H57)+($I$6*I57)+($J$6*J57)+($K$6*K57)+($L$6*L57)) -> 1426.5 | N57: =M57/G57 -> 175.2457 | O57: Andres Tinoco
A58: 46095 | B58: 0.60625 | C58: 0.75555556 | D58: =1+C58-B58 -> 1.1493056 | E58: =F57 -> 1704275 | F58: 1704689 | G58: =(F58-E58)/100 -> 4.14 | K58: 52 | M58: =+(($H$6*H58)+($I$6*I58)+($J$6*J58)+($K$6*K58)+($L$6*L58)) -> 780 | N58: =M58/G58 -> 188.4058 | O58: Humberto
A59: 46095 | B59: 0.77152778 | C59: 0.90347222 | D59: =1+C59-B59 -> 1.1319444 | E59: =F58 -> 1704689 | F59: 1705071 | G59: =(F59-E59)/100 -> 3.82 | K59: 45 | M59: =+(($H$6*H59)+($I$6*I59)+($J$6*J59)+($K$6*K59)+($L$6*L59)) -> 675 | N59: =M59/G59 -> 176.70157 | O59: yeison
A60: 46095 | B60: 0.93055556 | C60: 0.24097222 | D60: =1+C60-B60 -> 0.31041667 | E60: =F59 -> 1705071 | F60: 1705843 | G60: =(F60-E60)/100 -> 7.72 | I60: 216 | J60: 59 | K60: 4 | L60: 9 | M60: =+(($H$6*H60)+($I$6*I60)+($J$6*J60)+($K$6*K60)+(13*L60)) -> 1238 | N60: =M60/G60 -> 160.36269 | O60: quejada diego
D61: =1+C61-B61 -> 1 | E61: =F60 -> 1705843 | G61: =(F61-E61)/100 -> -17058.43 | M61: =+(($H$6*H61)+($I$6*I61)+($J$6*J61)+($K$6*K61)+($L$6*L61)) -> 0 | N61: =M61/G61 -> 0 | O61: Yinso Novoa
D62: =1+C62-B62 -> 1 | E62: =F61 -> 0 | G62: =(F62-E62)/100 -> 0 | M62: =+(($H$6*H62)+($I$6*I62)+($J$6*J62)+($K$6*K62)+($L$6*L62)) -> 0 | N62: =M62/G62 -> #DIV/0! | O62: Luis Torres
D63: =1+C63-B63 -> 1 | E63: 1680490 | G63: =(F63-E63)/100 -> -16804.9 | M63: =+(($H$6*H63)+($I$6*I63)+($J$6*J63)+($K$6*K63)+($L$6*L63)) -> 0 | N63: =M63/G63 -> 0 | O63: Daniel Garcia
D64: =1+C64-B64 -> 1 | E64: 1680853 | G64: 3 | M64: =+(($H$6*H64)+($I$6*I64)+($J$6*J64)+($K$6*K64)+($L$6*L64)) -> 0 | N64: =M64/G64 -> 0 | O64: Humberto | P64: se prende tarde la maquinaria por falta de agua
D65: =1+C65-B65 -> 1 | E65: 1651149 | G65: =(F65-E65)/100 -> -16511.49 | M65: =+(($H$6*H65)+($I$6*I65)+($J$6*J65)+($K$6*K65)+($L$65*13)) -> 0 | N65: =M65/G65 -> 0 | O65: Humberto
D66: =1+C66-B66 -> 1 | E66: =F65 -> 0 | G66: =(F66-E66)/100 -> 0 | M66: =+(($H$6*H66)+($I$6*I66)+($J$6*J66)+($K$6*K66)+($L$65*13)) -> 0 | N66: =M66/G66 -> #DIV/0! | O66: Luis Torres
D67: =1+C67-B67 -> 1 | E67: =F66 -> 0 | G67: =(F67-E67)/100 -> 0 | M67: =+(($H$6*H67)+($I$6*I67)+($J$6*J67)+($K$6*K67)+($L$6*L67)) -> 0 | N67: =M67/G67 -> #DIV/0! | O67: yeison
D68: =1+C68-B68 -> 1 | E68: =F67 -> 0 | G68: =(F68-E68)/100 -> 0 | M68: =+(($H$6*H68)+($I$6*I68)+($J$6*J68)+($K$6*K68)+($L$6*L68)) -> 0 | N68: =M68/G68 -> #DIV/0! | O68: Daniel Garcia
D69: =1+C69-B69 -> 1 | E69: =F68 -> 0 | G69: =(F69-E69)/100 -> 0 | M69: =+(($H$6*H69)+($I$6*I69)+($J$6*J69)+($K$6*K69)+($L$6*L69)) -> 0 | N69: =M69/G69 -> #DIV/0! | O69: Jhoan Sebastian
D70: =1+C70-B70 -> 1 | E70: =F69 -> 0 | G70: =(F70-E70)/100 -> 0 | M70: =+(($H$6*H70)+($I$6*I70)+($J$6*J70)+($K$6*K70)+($L$6*L70)) -> 0 | N70: =M70/G70 -> #DIV/0! | O70: Luis Torres | P70: se presenta bajones de energia
D71: =1+C71-B71 -> 1 | E71: =F70 -> 0 | G71: =(F71-E71)/100 -> 0 | M71: =+(($H$6*H71)+($I$6*I71)+($J$6*J71)+($K$6*K71)+(13*L71)) -> 0 | N71: =M71/G71 -> #DIV/0! | O71: Andres Tinoco
D72: =1+C72-B72 -> 1 | E72: =F71 -> 0 | G72: =(F72-E72)/100 -> 0 | M72: =+(($H$6*H72)+($I$6*I72)+($J$6*J72)+($K$6*K72)+($L$6*L72)) -> 0 | N72: =M72/G72 -> #DIV/0! | O72: Daniel Garcia
D73: =1+C73-B73 -> 1 | E73: =F72 -> 0 | G73: =(F73-E73)/100 -> 0 | M73: =+(($H$6*H73)+($I$6*I73)+($J$6*J73)+($K$6*K73)+($L$6*L73)) -> 0 | N73: =M73/G73 -> #DIV/0! | O73: Daniel Garcia
D74: =1+C74-B74 -> 1 | E74: =F73 -> 0 | G74: =(F74-E74)/100 -> 0 | M74: =+(($H$6*H74)+($I$6*I74)+($J$6*J74)+($K$6*K74)+($L$6*L74)) -> 0 | N74: =M74/G74 -> #DIV/0! | O74: Luis Torres
D75: =1+C75-B75 -> 1 | E75: =F74 -> 0 | G75: =(F75-E75)/100 -> 0 | M75: =+(($H$6*H75)+($I$6*I75)+($J$6*J75)+($K$6*K75)+($L$6*L75)) -> 0 | N75: =M75/G75 -> #DIV/0! | O75: yeison
D76: =1+C76-B76 -> 1 | E76: =F75 -> 0 | G76: =(F76-E76)/100 -> 0 | M76: =+(($H$6*H76)+($I$6*I76)+($J$6*J76)+($K$6*K76)+($L$6*L76)) -> 0 | N76: =M76/G76 -> #DIV/0! | O76: Daniel Garcia
D77: =1+C77-B77 -> 1 | E77: =F76 -> 0 | G77: =(F77-E77)/100 -> 0 | M77: =+(($H$6*H77)+($I$6*I77)+($J$6*J77)+($K$6*K77)+($L$6*L77)) -> 0 | N77: =M77/G77 -> #DIV/0! | O77: Daniel Garcia
D78: =1+C78-B78 -> 1 | E78: =F77 -> 0 | G78: =(F78-E78)/100 -> 0 | M78: =+(($H$6*H78)+($I$6*I78)+($J$6*J78)+($K$6*K78)+($L$6*L78)) -> 0 | N78: =M78/G78 -> #DIV/0! | O78: Hernandez Luis
D79: =1+C79-B79 -> 1 | E79: =F78 -> 0 | G79: =(F79-E79)/100 -> 0 | M79: =+(($H$6*H79)+($I$6*I79)+($J$6*J79)+($K$6*K79)+($L$6*L79)) -> 0 | N79: =M79/G79 -> #DIV/0! | O79: yeison
D80: =1+C80-B80 -> 1 | E80: =F79 -> 0 | G80: =(F80-E80)/100 -> 0 | M80: =+(($H$6*H80)+($I$6*I80)+($J$6*J80)+($K$6*K80)+($L$6*L80)) -> 0 | N80: =M80/G80 -> #DIV/0! | O80: Andres Tinoco | P80: se apaga maquinaria por 2 horas por bajons de energia
D81: =1+C81-B81 -> 1 | E81: =F80 -> 0 | G81: =(F81-E81)/100 -> 0 | M81: =+(($H$6*H81)+($I$6*I81)+($J$6*J81)+($K$6*K81)+($L$6*L81)) -> 0 | N81: =M81/G81 -> #DIV/0! | O81: Jhoan Sebastian
D82: =1+C82-B82 -> 1 | E82: =F81 -> 0 | G82: =(F82-E82)/100 -> 0 | M82: =+(($H$6*H82)+($I$6*I82)+($J$6*J82)+($K$6*K82)+($L$6*L82)) -> 0 | N82: =M82/G82 -> #DIV/0! | O82: oscar andres
D83: =1+C83-B83 -> 1 | E83: =F82 -> 0 | G83: =(F83-E83)/100 -> 0 | M83: =+(($H$6*H83)+($I$6*I83)+($J$6*J83)+($K$6*K83)+($L$6*L83)) -> 0 | N83: =M83/G83 -> #DIV/0! | O83: Yinso Novoa
D84: =1+C84-B84 -> 1 | E84: =F83 -> 0 | G84: =(F84-E84)/100 -> 0 | M84: =+(($H$6*H84)+($I$6*I84)+($J$6*J84)+($K$6*K84)+($L$6*L84)) -> 0 | N84: =M84/G84 -> #DIV/0! | O84: Andres Tinoco | P84: se apaga la maquinaria 1 hora y 20min por bajones de energia
D85: =1+C85-B85 -> 1 | E85: =F84 -> 0 | G85: =(F85-E85)/100 -> 0 | M85: =+(($H$6*H85)+($I$6*I85)+($J$6*J85)+($K$6*K85)+($L$6*L85)) -> 0 | N85: =M85/G85 -> #DIV/0! | O85: yeison
D86: =1+C86-B86 -> 1 | E86: =F85 -> 0 | G86: =(F86-E86)/100 -> 0 | M86: =+(($H$6*H86)+($I$6*I86)+($J$6*J86)+($K$6*K86)+($L$6*L86)) -> 0 | N86: =M86/G86 -> #DIV/0! | O86: Hernandez Luis
D87: =1+C87-B87 -> 1 | E87: =F86 -> 0 | G87: =(F87-E87)/100 -> 0 | M87: =+(($H$6*H87)+($I$6*I87)+($J$6*J87)+($K$6*K87)+($L$6*L87)) -> 0 | N87: =M87/G87 -> #DIV/0! | O87: Hernandez Luis
D88: =1+C88-B88 -> 1 | E88: =F87 -> 0 | G88: =(F88-E88)/100 -> 0 | M88: =+(($H$6*H88)+($I$6*I88)+($J$6*J88)+($K$6*K88)+($L$6*L88)) -> 0 | N88: =M88/G88 -> #DIV/0! | O88: Andres Tinoco
D89: =1+C89-B89 -> 1 | E89: =F88 -> 0 | G89: =(F89-E89)/100 -> 0 | M89: =+(($H$6*H89)+($I$6*I89)+($J$6*J89)+($K$6*K89)+($L$6*L89)) -> 0 | N89: =M89/G89 -> #DIV/0! | O89: Daniel Garcia | P89: se apagaron las tubulares por bajonm de energia por 40 minutos
D90: =1+C90-B90 -> 1 | E90: =F89 -> 0 | G90: =(F90-E90)/100 -> 0 | M90: =+(($H$6*H90)+($I$6*I90)+($J$6*J90)+($K$6*K90)+($L$6*L90)) -> 0 | N90: =M90/G90 -> #DIV/0! | O90: Yinso Novoa
D91: =1+C91-B91 -> 1 | E91: =F90 -> 0 | G91: =(F91-E91)/100 -> 0 | M91: =+(($H$6*H91)+($I$6*I91)+($J$6*J91)+($K$6*K91)+($L$6*L91)) -> 0 | N91: =M91/G91 -> #DIV/0! | O91: Yinso Novoa
D92: =1+C92-B92 -> 1 | E92: =F91 -> 0 | G92: =(F92-E92)/100 -> 0 | M92: =+(($H$6*H92)+($I$6*I92)+($J$6*J92)+($K$6*K92)+($L$6*L92)) -> 0 | N92: =M92/G92 -> #DIV/0! | O92: Andres Tinoco
D93: =1+C93-B93 -> 1 | E93: =F92 -> 0 | G93: =(F93-E93)/100 -> 0 | M93: =+(($H$6*H93)+($I$6*I93)+($J$6*J93)+($K$6*K93)+($L$6*L93)) -> 0 | N93: =M93/G93 -> #DIV/0! | O93: Daniel Garcia | P93: se apaga maquinaria por 1 hora
D94: =1+C94-B94 -> 1 | E94: =F93 -> 0 | G94: =(F94-E94)/100 -> 0 | M94: =+(($H$6*H94)+($I$6*I94)+($J$6*J94)+($K$6*K94)+($L$6*L94)) -> 0 | N94: =M94/G94 -> #DIV/0! | O94: oscar andres
D95: =1+C95-B95 -> 1 | E95: =F94 -> 0 | G95: =(F95-E95)/100 -> 0 | M95: =+(($H$6*H95)+($I$6*I95)+($J$6*J95)+($K$6*K95)+(13*L95)) -> 0 | N95: =M95/G95 -> #DIV/0! | O95: Andres Tinoco
D96: =1+C96-B96 -> 1 | E96: =F95 -> 0 | G96: =(F96-E96)/100 -> 0 | M96: =+(($H$6*H96)+($I$6*I96)+($J$6*J96)+($K$6*K96)+($L$6*L96)) -> 0 | N96: =M96/G96 -> #DIV/0! | O96: Daniel Garcia
D97: =1+C97-B97 -> 1 | E97: =F96 -> 0 | G97: =(F97-E97)/100 -> 0 | M97: =+(($H$6*H97)+($I$6*I97)+($J$6*J97)+($K$6*K97)+($L$6*L97)) -> 0 | N97: =M97/G97 -> #DIV/0! | O97: david
D98: =1+C98-B98 -> 1 | E98: =F97 -> 0 | G98: =(F98-E98)/100 -> 0 | M98: =+(($H$6*H98)+($I$6*I98)+($J$6*J98)+($K$6*K98)+($L$6*L98)) -> 0 | N98: =M98/G98 -> #DIV/0! | O98: Andres Tinoco
D99: =1+C99-B99 -> 1 | E99: =F98 -> 0 | G99: =(F99-E99)/100 -> 0 | M99: =+(($H$6*H99)+($I$6*I99)+($J$6*J99)+($K$6*K99)+($L$6*L99)) -> 0 | N99: =M99/G99 -> #DIV/0! | O99: oscar andres
D100: =1+C100-B100 -> 1 | E100: =F99 -> 0 | G100: =(F100-E100)/100 -> 0 | M100: =+(($H$6*H100)+($I$6*I100)+($J$6*J100)+($K$6*K100)+($L$6*L100)) -> 0 | N100: =M100/G100 -> #DIV/0! | O100: yeison
...

Sheet TUBULAR AZUL
A1: COMPAÑÍA OPITA DE FRIO SAS | E1: AZUL
A2: CONTROL DE TIEMPO DE PRODUCCION | R2: REEMPAQUE
A3: LINEA TUBULAR
B4: TIEMPO HORARICA | E4: CONTROL HOROMETRO | H4: PRODUCTOS | P4: OBSERVACIONES | R4: PRODUCTOS
A5: FECHA | B5: HORA INIC | C5: HORA FIN | D5: TIEMP PRENDIDA | E5: HOROM INC | F5: HOROM FIN | G5: TIEMP PROD | H5: BOLSA 1,5 KG | I5: BOLSA 3 KG | J5: BOLSA 7 KG | K5: BOLSA 15 KG | L5: BTO 25 KG | M5: KILOS PROD | N5: KILOS ACUMULADO | O5: PROD POR | P5: AYUDANTE | Q5: OBSERVACION | R5: BOLSA 1,5 KG | S5: BOLSA 3 KG | T5: BOLSA 7 KG | U5: BOLSA 15 KG | V5: BTO 20 KG | W5: KILOS REEMP | X5: KILOS ACUMULADO | Y5: UTILIZO
H6: 1.5 | I6: 3 | J6: 7 | K6: 15 | L6: 25 | O6: HORA | R6: 1.5 | S6: 3 | T6: 7 | U6: 15 | V6: 25 | Y6: EN
A7: 46082 | B7: 0.26041667 | C7: 0.73680556 | D7: =1+C7-B7 -> 1.4763889 | E7: 149866 | F7: 150983 | G7: =(F7-E7)/100 -> 11.17 | K7: 77 | M7: =+(($H$6*H7)+($I$6*I7)+($J$6*J7)+($K$6*K7)+($L$6*L7)) -> 1155 | N7: =+M7 -> 1155 | O7: =+M7/G7 -> 103.40197 | P7: Hernandez Luis | W7: - | X7: -
A8: 46082 | B8: 0.77638889 | C8: 0.24236111 | D8: =1+C8-B8 -> 0.46597222 | E8: =F7 -> 150983 | F8: 152183 | G8: =(F8-E8)/100 -> 12 | I8: 58 | K8: 69 | L8: 6 | M8: =+(($H$6*H8)+($I$6*I8)+($J$6*J8)+($K$6*K8)+($L$6*L8)) -> 1359 | N8: =+M8 -> 1359 | O8: =+M8/G8 -> 113.25 | P8: Yinso Nova | W8: - | X8: -
A9: 46083 | B9: 0.26875 | C9: 0.56944444 | D9: =1+C9-B9 -> 1.3006944 | E9: =F8 -> 152183 | F9: 152928 | G9: =(F9-E9)/100 -> 7.45 | I9: 68 | J9: 25 | K9: 18 | M9: =+(($H$6*H9)+($I$6*I9)+($J$6*J9)+($K$6*K9)+($L$6*L9)) -> 649 | N9: =+M9 -> 649 | O9: =+M9/G9 -> 87.114094 | P9: James Quintero | W9: - | X9: -
A10: 46083 | B10: 0.60833333 | C10: 0.73541667 | D10: =1+C10-B10 -> 1.1270833 | E10: =F9 -> 152928 | F10: 153308 | G10: =(F10-E10)/100 -> 3.8 | H10: 9 | I10: 59 | J10: 9 | K10: 6 | M10: =+(($H$6*H10)+($I$6*I10)+($J$6*J10)+($K$6*K10)+($L$6*L10)) -> 343.5 | N10: =+M10 -> 343.5 | O10: =+M10/G10 -> 90.394737 | P10: david | W10: - | X10: -
A11: 46083 | B11: 0.75902778 | C11: 0.90138889 | D11: =1+C11-B11 -> 1.1423611 | E11: =F10 -> 153308 | F11: 153740 | G11: =(F11-E11)/100 -> 4.32 | I11: 100 | J11: 7 | K11: 2 | M11: =+(($H$6*H11)+($I$6*I11)+($J$6*J11)+($K$6*K11)+($L$6*L11)) -> 379 | N11: =+M11 -> 379 | O11: =+M11/G11 -> 87.731481 | P11: quejada diego
A12: 46083 | B12: 0.92430556 | C12: 0.24652778 | D12: =1+C12-B12 -> 0.32222222 | E12: =F11 -> 153740 | F12: 154546 | G12: =(F12-E12)/100 -> 8.06 | I12: 61 | K12: 38 | M12: =+(($H$6*H12)+($I$6*I12)+($J$6*J12)+($K$6*K12)+($L$6*L12)) -> 753 | N12: =+M12 -> 753 | O12: =+M12/G12 -> 93.424318 | P12: Jhoan Sebastian | W12: - | X12: -
A13: 46084 | B13: 0.26944444 | C13: 0.57083333 | D13: =1+C13-B13 -> 1.3013889 | E13: =F12 -> 154546 | F13: 155319 | G13: =(F13-E13)/100 -> 7.73 | H13: 51 | K13: 44 | M13: =+(($H$6*H13)+($I$6*I13)+($J$6*J13)+($K$6*K13)+(13*L13)) -> 736.5 | N13: =+M13 -> 736.5 | O13: =+M13/G13 -> 95.278137 | P13: Andres Tinoco | W13: - | X13: -
A14: 46084 | B14: 0.60625 | C14: 0.75902778 | D14: =1+C14-B14 -> 1.1527778 | E14: =F13 -> 155319 | F14: 155747 | G14: =(F14-E14)/100 -> 4.28 | K14: 28 | M14: =+(($H$6*H14)+($I$6*I14)+($J$6*J14)+($K$6*K14)+($L$6*L14)) -> 420 | N14: =+M14 -> 420 | O14: =+M14/G14 -> 98.130841 | P14: Hernandez Luis | W14: - | X14: -
A15: 46084 | B15: 0.77222222 | C15: 0.90833333 | D15: =1+C15-B15 -> 1.1361111 | E15: =F14 -> 155747 | F15: 156112 | G15: =(F15-E15)/100 -> 3.65 | K15: 9 | L15: 12 | M15: =+(($H$6*H15)+($I$6*I15)+($J$6*J15)+($K$6*K15)+($L$6*L15)) -> 435 | N15: =+M15 -> 435 | O15: =+M15/G15 -> 119.17808 | P15: Hernandez Luis | W15: - | X15: -
A16: 46084 | B16: 0.92152778 | C16: 0.24930556 | D16: =1+C16-B16 -> 0.32777778 | E16: =F15 -> 156112 | F16: 156916 | G16: =(F16-E16)/100 -> 8.04 | I16: 60 | K16: 21 | L16: 5 | M16: =+(($H$6*H16)+($I$6*I16)+($J$6*J16)+($K$6*K16)+($L$6*L16)) -> 620 | N16: =+M16 -> 620 | O16: =+M16/G16 -> 77.114428 | P16: Jhoan Sebastian
A17: 46085 | B17: 0.27291667 | C17: 0.56736111 | D17: =1+C17-B17 -> 1.2944444 | E17: =F16 -> 156916 | F17: 157723 | G17: =(F17-E17)/100 -> 8.07 | I17: 92 | K17: 30 | M17: =+(($H$6*H17)+($I$6*I17)+($J$6*J17)+($K$6*K17)+($L$6*L17)) -> 726 | N17: =+M17 -> 726 | O17: =+M17/G17 -> 89.962825 | P17: Andres Tinoco | W17: - | X17: -
A18: 46085 | B18: 0.59375 | C18: 0.73958333 | D18: =1+C18-B18 -> 1.1458333 | E18: =F17 -> 157723 | F18: 158140 | G18: =(F18-E18)/100 -> 4.17 | I18: 50 | K18: 11 | M18: =+(($H$6*H18)+($I$6*I18)+($J$6*J18)+($K$6*K18)+($L$6*L18)) -> 315 | N18: =+M18 -> 315 | O18: =+M18/G18 -> 75.539568 | P18: Daniel Garcia | W18: - | X18: -
A19: 46085 | B19: 0.76041667 | C19: 0.90972222 | D19: =1+C19-B19 -> 1.1493056 | E19: =F18 -> 158140 | F19: 158504 | G19: =(F19-E19)/100 -> 3.64 | I19: 10 | J19: 19 | K19: 8 | M19: =+(($H$6*H19)+($I$6*I19)+($J$6*J19)+($K$6*K19)+($L$6*L19)) -> 283 | N19: =+M19 -> 283 | O19: =+M19/G19 -> 77.747253 | P19: Daniel Garcia | W19: - | X19: -
A20: 46087 | B20: 0.67569444 | C20: 0.73194444 | D20: =1+C20-B20 -> 1.05625 | E20: =F19 -> 158504 | F20: 159012 | G20: =(F20-E20)/100 -> 5.08 | K20: 10 | M20: =+(($H$6*H20)+($I$6*I20)+($J$6*J20)+($K$6*K20)+($L$6*L20)) -> 150 | N20: =+M20 -> 150 | O20: =+M20/G20 -> 29.527559 | P20: Humberto V | W20: - | X20: -
A21: 46087 | B21: 0.78888889 | C21: 0.90902778 | D21: =1+C21-B21 -> 1.1201389 | E21: =F20 -> 159012 | F21: 159405 | G21: =(F21-E21)/100 -> 3.93 | I21: 18 | K21: 9 | M21: =+(($H$6*H21)+($I$6*I21)+($J$6*J21)+($K$6*K21)+($L$6*L21)) -> 189 | N21: =+M21 -> 189 | O21: =+M21/G21 -> 48.091603 | P21: Humberto V
A22: 46087 | B22: 0.93125 | C22: 0.23958333 | D22: =1+C22-B22 -> 0.30833333 | E22: =F21 -> 159405 | F22: 160208 | G22: =(F22-E22)/100 -> 8.03 | I22: 50 | K22: 30 | M22: =+(($H$6*H22)+($I$6*I22)+($J$6*J22)+($K$6*K22)+($L$6*L22)) -> 600 | N22: =+M22 -> 600 | O22: =+M22/G22 -> 74.719801 | P22: Jhoan Sebastian | W22: - | X22: -
A23: 46088 | B23: 0.27430556 | C23: 0.57986111 | D23: =1+C23-B23 -> 1.3055556 | E23: =F22 -> 160208 | F23: 161020 | G23: =(F23-E23)/100 -> 8.12 | H23: 46 | I23: 38 | J23: 27 | K23: 16 | M23: =+(($H$6*H23)+($I$6*I23)+($J$6*J23)+($K$6*K23)+(13*L23)) -> 612 | N23: =+M23 -> 612 | O23: =+M23/G23 -> 75.369458 | P23: James Quintero
A24: 46088 | B24: 0.60208333 | C24: 0.76388889 | D24: =1+C24-B24 -> 1.1618056 | E24: =F23 -> 161020 | F24: 161433 | G24: =(F24-E24)/100 -> 4.13 | I24: 59 | J24: 29 | M24: =+(($H$6*H24)+($I$6*I24)+($J$6*J24)+($K$6*K24)+($L$6*L24)) -> 380 | N24: =+M24 -> 380 | O24: =+M24/G24 -> 92.009685 | P24: david
A25: 46088 | B25: 0.78194444 | C25: 0.90694444 | D25: =1+C25-B25 -> 1.125 | E25: =F24 -> 161433 | F25: 161815 | G25: =(F25-E25)/100 -> 3.82 | K25: 24 | M25: =+(($H$6*H25)+($I$6*I25)+($J$6*J25)+($K$6*K25)+($L$6*L25)) -> 360 | N25: =+M25 -> 360 | O25: =+M25/G25 -> 94.240838 | P25: yeison | W25: - | X25: -
A26: 46088 | B26: 0.92916667 | C26: 0.23680556 | D26: =1+C26-B26 -> 0.30763889 | E26: =F25 -> 161815 | F26: 162600 | G26: =(F26-E26)/100 -> 7.85 | H26: 17 | I26: 61 | J26: 33 | K26: 14 | M26: =+(($H$6*H26)+($I$6*I26)+($J$6*J26)+($K$6*K26)+($L$6*L26)) -> 649.5 | N26: =+M26 -> 649.5 | O26: =+M26/G26 -> 82.738854 | P26: Jhoan Sebastian | W26: - | X26: -
A27: 46089 | B27: 0.26041667 | C27: 0.66319444 | D27: =1+C27-B27 -> 1.4027778 | E27: =F26 -> 162600 | F27: 163632 | G27: =(F27-E27)/100 -> 10.32 | I27: 77 | K27: 46 | M27: =+(($H$6*H27)+($I$6*I27)+($J$6*J27)+($K$6*K27)+($L$6*L27)) -> 921 | N27: =+M27 -> 921 | O27: =+M27/G27 -> 89.244186 | P27: oscar andres | Q27: se apaga la maquinaria a las 16:20 por bajon de luz | W27: - | X27: -
A28: 46089 | B28: 0.038888889 | C28: 0.24027778 | D28: =1+C28-B28 -> 1.2013889 | E28: =F27 -> 163632 | F28: 164202 | G28: =(F28-E28)/100 -> 5.7 | I28: 62 | K28: 15 | M28: =+(($H$6*H28)+($I$6*I28)+($J$6*J28)+($K$6*K28)+(13*L28)) -> 411 | N28: =+M28 -> 411 | O28: =+M28/G28 -> 72.105263 | P28: Daniel Garcia | Q28: se prende maquinaria a las 00:30 | W28: - | X28: -
A29: 46090 | B29: 0.25694444 | C29: 0.56944444 | D29: =1+C29-B29 -> 1.3125 | E29: =F28 -> 164202 | F29: 164920 | G29: =(F29-E29)/100 -> 7.18 | I29: 40 | K29: 48 | M29: =+(($H$6*H29)+($I$6*I29)+($J$6*J29)+($K$6*K29)+($L$6*L29)) -> 840 | N29: =+M29 -> 840 | O29: =+M29/G29 -> 116.99164 | P29: quejada diego | W29: - | X29: -
A30: 46090 | B30: 0.60486111 | C30: 0.73333333 | D30: =1+C30-B30 -> 1.1284722 | E30: =F29 -> 164920 | F30: 165302 | G30: =(F30-E30)/100 -> 3.82 | K30: 24 | L30: 2 | M30: =+(($H$6*H30)+($I$6*I30)+($J$6*J30)+($K$6*K30)+(13*L30)) -> 386 | N30: =+M30 -> 386 | O30: =+M30/G30 -> 101.04712 | P30: Daniel Garcia | W30: - | X30: -
A31: 46090 | B31: 0.77777778 | C31: 0.90347222 | D31: =1+C31-B31 -> 1.1256944 | E31: =F30 -> 165302 | F31: 165693 | G31: =(F31-E31)/100 -> 3.91 | I31: 68 | K31: 8 | M31: =+(($H$6*H31)+($I$6*I31)+($J$6*J31)+($K$6*K31)+($L$6*L31)) -> 324 | N31: =+M31 -> 324 | O31: =+M31/G31 -> 82.86445 | P31: Humberto V | W31: - | X31: -
A32: 46090 | B32: 0.92361111 | C32: 0.23402778 | D32: =1+C32-B32 -> 0.31041667 | E32: =F31 -> 165693 | F32: 166485 | G32: =(F32-E32)/100 -> 7.92 | I32: 115 | J32: 36 | K32: 12 | M32: =+(($H$6*H32)+($I$6*I32)+($J$6*J32)+($K$6*K32)+(13*L32)) -> 777 | N32: =+M32 -> 777 | O32: =+M32/G32 -> 98.106061 | P32: Jhoan Sebastian | W32: - | X32: -
A33: 46091 | B33: 0.25347222 | C33: 0.575 | D33: =1+C33-B33 -> 1.3215278 | E33: =F32 -> 166485 | F33: 167280 | G33: =(F33-E33)/100 -> 7.95 | H33: 20 | J33: 51 | K33: 30 | M33: =+(($H$6*H33)+($I$6*I33)+($J$6*J33)+($K$6*K33)+($L$6*L33)) -> 837 | N33: =+M33 -> 837 | O33: =+M33/G33 -> 105.28302 | P33: Luis Torres | W33: - | X33: -
A34: 46091 | B34: 0.59722222 | C34: 0.74305556 | D34: =1+C34-B34 -> 1.1458333 | E34: =F33 -> 167280 | F34: 167691 | G34: =(F34-E34)/100 -> 4.11 | K34: 28 | M34: =+(($H$6*H34)+($I$6*I34)+($J$6*J34)+($K$6*K34)+(13*L34)) -> 420 | N34: =+M34 -> 420 | O34: =+M34/G34 -> 102.18978 | P34: oscar andres | W34: - | X34: -
A35: 46091 | B35: 0.77569444 | C35: 0.90486111 | D35: =1+C35-B35 -> 1.1291667 | E35: =F34 -> 167691 | F35: 168085 | G35: =(F35-E35)/100 -> 3.94 | K35: 27 | M35: =+(($H$6*H35)+($I$6*I35)+($J$6*J35)+($K$6*K35)+($L$6*L35)) -> 405 | N35: =+M35 -> 405 | O35: =+M35/G35 -> 102.79188 | P35: Hernandez Luis | W35: =+(($H$6*R35)+($I$6*S35)+($J$6*T35)+($K$6*U35)+($L$6*V35)) -> 0 | X35: =+W35 -> 0
A36: 46091 | B36: 0.91875 | C36: 0.24861111 | D36: =1+C36-B36 -> 0.32986111 | E36: 168085 | F36: 168882 | G36: =(F36-E36)/100 -> 7.97 | I36: 71 | K36: 43 | M36: =+(($H$6*H36)+($I$6*I36)+($J$6*J36)+($K$6*K36)+($L$6*L36)) -> 858 | N36: =+M36 -> 858 | O36: =+M36/G36 -> 107.6537 | P36: quejada diego
A37: 46090 | B37: 0.27083333 | C37: 0.55763889 | D37: =1+C37-B37 -> 1.2868056 | E37: =F36 -> 168882 | F37: 169588 | G37: =(F37-E37)/100 -> 7.06 | J37: 30 | K37: 24 | M37: =+(($H$6*H37)+($I$6*I37)+($J$6*J37)+($K$6*K37)+(13*L37)) -> 570 | N37: =+M37 -> 570 | O37: =+M37/G37 -> 80.736544 | P37: Andres Tinoco
A38: 46092 | B38: 0.75763889 | C38: 0.90347222 | D38: =1+C38-B38 -> 1.1458333 | E38: 169915 | F38: 170302 | G38: =(F38-E38)/100 -> 3.87 | K38: 27 | M38: =+(($H$6*H38)+($I$6*I38)+($J$6*J38)+($K$6*K38)+($L$6*L38)) -> 405 | N38: =+M38 -> 405 | O38: =+M38/G38 -> 104.65116 | P38: Luis Torres | W38: =+(($H$6*R38)+($I$6*S38)+($J$6*T38)+($K$6*U38)+($L$6*V38)) -> 0 | X38: =+W38 -> 0
A39: 46092 | B39: 0.92152778 | C39: 0.23819444 | D39: =1+C39-B39 -> 0.31666667 | E39: =F38 -> 170302 | F39: 171091 | G39: =(F39-E39)/100 -> 7.89 | I39: 109 | K39: 34 | M39: =+(($H$6*H39)+($I$6*I39)+($J$6*J39)+($K$6*K39)+(13*L39)) -> 837 | N39: =+M39 -> 837 | O39: =+M39/G39 -> 106.08365 | P39: quejada diego
A40: 46093 | B40: 0.26805556 | C40: 0.58333333 | D40: =1+C40-B40 -> 1.3152778 | E40: =F39 -> 171091 | F40: 171609 | G40: =(F40-E40)/100 -> 5.18 | J40: 36 | K40: 15 | L40: 2 | M40: =+(($H$6*H40)+($I$6*I40)+($J$6*J40)+($K$6*K40)+(13*L40)) -> 503 | N40: =+M40 -> 503 | O40: =+M40/G40 -> 97.104247 | P40: yeison | W40: =+(($H$6*R40)+($I$6*S40)+($J$6*T40)+($K$6*U40)+($L$6*V40)) -> 0 | X40: =+W40 -> 0
A41: 46093 | B41: 0.59861111 | C41: 0.74930556 | D41: =1+C41-B41 -> 1.1506944 | E41: =F40 -> 171609 | F41: 172003 | G41: 4 | J41: 90 | K41: 6 | M41: =+(($H$6*H41)+($I$6*I41)+($J$6*J41)+($K$6*K41)+($L$6*L41)) -> 720 | N41: =+M41 -> 720 | O41: =+M41/G41 -> 180 | P41: Hernandez Luis | W41: =+(($H$6*R41)+($I$6*S41)+($J$6*T41)+($K$6*U41)+($L$6*V41)) -> 0 | X41: =+W41 -> 0
A42: 46093 | B42: 0.78055556 | C42: 0.90763889 | D42: =1+C42-B42 -> 1.1270833 | E42: =F41 -> 172003 | F42: 172396 | G42: =(F42-E42)/100 -> 3.93 | I42: 11 | K42: 24 | M42: =+(($H$6*H42)+($I$6*I42)+($J$6*J42)+($K$6*K42)+($L$6*L42)) -> 393 | N42: =+M42 -> 393 | O42: =+M42/G42 -> 100 | P42: Humberto V | W42: =+(($H$6*R42)+($I$6*S42)+($J$6*T42)+($K$6*U42)+($L$6*V42)) -> 0 | X42: =+W42 -> 0
A43: 46093 | B43: 0.92777778 | C43: 0.23611111 | D43: =1+C43-B43 -> 0.30833333 | E43: =F42 -> 172396 | F43: 173205 | G43: =(F43-E43)/100 -> 8.09 | J43: 46 | K43: 32 | M43: =+(($H$6*H43)+($I$6*I43)+($J$6*J43)+($K$6*K43)+(13*L43)) -> 802 | N43: =+M43 -> 802 | O43: =+M43/G43 -> 99.134734 | P43: quejada diego | W43: =+(($H$6*R43)+($I$6*S43)+($J$6*T43)+($K$6*U43)+($L$6*V43)) -> 0 | X43: =+W43 -> 0
A44: 46094 | B44: 0.25694444 | C44: 0.58194444 | D44: =1+C44-B44 -> 1.325 | E44: =F43 -> 173205 | F44: 174007 | G44: =(F44-E44)/100 -> 8.02 | H44: 3 | I44: 87 | J44: 36 | K44: 25 | M44: =+(($H$6*H44)+($I$6*I44)+($J$6*J44)+($K$6*K44)+($L$6*L44)) -> 892.5 | N44: =+M44 -> 892.5 | O44: =+M44/G44 -> 111.28429 | P44: yeison | W44: =+(($H$6*R44)+($I$6*S44)+($J$6*T44)+($K$6*U44)+($L$6*V44)) -> 0 | X44: =+W44 -> 0
A45: 46094 | B45: 0.60763889 | C45: 0.74652778 | D45: =1+C45-B45 -> 1.1388889 | E45: =F44 -> 174007 | F45: 174392 | G45: =(F45-E45)/100 -> 3.85 | K45: 14 | L45: 8 | M45: =+(($H$6*H45)+($I$6*I45)+($J$6*J45)+($K$6*K45)+($L$6*L45)) -> 410 | N45: =+M45 -> 410 | O45: =+M45/G45 -> 106.49351 | P45: Humberto V | W45: =+(($H$6*R45)+($I$6*S45)+($J$6*T45)+($K$6*U45)+($L$6*V45)) -> 0 | X45: =+W45 -> 0
A46: 46094 | B46: 0.78055556 | C46: 0.90833333 | D46: =1+C46-B46 -> 1.1277778 | E46: =F45 -> 174392 | F46: 174736 | G46: =(F46-E46)/100 -> 3.44 | K46: 22 | M46: =+(($H$6*H46)+($I$6*I46)+($J$6*J46)+($K$6*K46)+($L$6*L46)) -> 330 | N46: =+M46 -> 330 | O46: =+M46/G46 -> 95.930233 | P46: Humberto V | W46: =+(($H$6*R46)+($I$6*S46)+($J$6*T46)+($K$6*U46)+($L$6*V46)) -> 0 | X46: =+W46 -> 0
A47: 46094 | B47: 0.93055556 | C47: 0.2375 | D47: =1+C47-B47 -> 0.30694444 | E47: =F46 -> 174736 | F47: 175527 | G47: =(F47-E47)/100 -> 7.91 | I47: 93 | K47: 46 | M47: =+(($H$6*H47)+($I$6*I47)+($J$6*J47)+($K$6*K47)+($L$6*L47)) -> 969 | N47: =+M47 -> 969 | O47: =+M47/G47 -> 122.50316 | P47: quejada diego | W47: =+(($H$6*R47)+($I$6*S47)+($J$6*T47)+($K$6*U47)+($L$6*V47)) -> 0 | X47: =+W47 -> 0
A48: 46095 | B48: 0.25625 | C48: 0.575 | D48: =1+C48-B48 -> 1.31875 | E48: =F47 -> 175527 | F48: 176302 | G48: =(F48-E48)/100 -> 7.75 | H48: 48 | I48: 37 | K48: 36 | M48: =+(($H$6*H48)+($I$6*I48)+($J$6*J48)+($K$6*K48)+($L$6*L48)) -> 723 | N48: =+M48 -> 723 | O48: =+M48/G48 -> 93.290323 | P48: Andres Tinoco | Q48: se apaga maquinaria por 30 min para lavado | W48: =+(($H$6*R48)+($I$6*S48)+($J$6*T48)+($K$6*U48)+($L$6*V48)) -> 0 | X48: =+W48 -> 0
A49: 46095 | B49: 0.60763889 | C49: 0.75555556 | D49: =1+C49-B49 -> 1.1479167 | E49: =F48 -> 176302 | F49: 176776 | G49: 4 | K49: 30 | M49: =+(($H$6*H49)+($I$6*I49)+($J$6*J49)+($K$6*K49)+(13*L49)) -> 450 | N49: =+M49 -> 450 | O49: =+M49/G49 -> 112.5 | P49: Humberto V
A50: 46095 | B50: 0.77152778 | C50: 0.91388889 | D50: =1+C50-B50 -> 1.1423611 | E50: =F49 -> 176776 | F50: 176964 | G50: 4 | K50: 27 | M50: =+(($H$6*H50)+($I$6*I50)+($J$6*J50)+($K$6*K50)+($L$6*L50)) -> 405 | N50: =+M50 -> 405 | O50: =+M50/G50 -> 101.25 | P50: yeison
A51: 46095 | B51: 0.93263889 | C51: 0.24166667 | D51: =1+C51-B51 -> 0.30902778 | E51: =F50 -> 176964 | F51: 177877 | G51: 8 | I51: 134 | J51: 35 | K51: 2 | L51: 6 | M51: =+(($H$6*H51)+($I$6*I51)+($J$6*J51)+($K$6*K51)+($L$6*L51)) -> 827 | N51: =+M51 -> 827 | O51: =+M51/G51 -> 103.375 | P51: quejada diego | W51: =+(($H$6*R51)+($I$6*S51)+($J$6*T51)+($K$6*U51)+($L$6*V51)) -> 0 | X51: =+W51 -> 0
D52: =1+C52-B52 -> 1 | E52: =F51 -> 177877 | G52: =(F52-E52)/100 -> -1778.77 | M52: =+(($H$6*H52)+($I$6*I52)+($J$6*J52)+($K$6*K52)+($L$6*L52)) -> 0 | N52: =+M52 -> 0 | O52: =+M52/G52 -> 0 | P52: Daniel Garcia | W52: =+(($H$6*R52)+($I$6*S52)+($J$6*T52)+($K$6*U52)+($L$6*V52)) -> 0 | X52: =+W52 -> 0
D53: =1+C53-B53 -> 1 | E53: =F52 -> 0 | G53: =(F53-E53)/100 -> 0 | M53: =+(($H$6*H53)+($I$6*I53)+($J$6*J53)+($K$6*K53)+(13*L53)) -> 0 | N53: =+M53 -> 0 | O53: =+M53/G53 -> #DIV/0! | P53: Andres Tinoco | W53: =+(($H$6*R53)+($I$6*S53)+($J$6*T53)+($K$6*U53)+($L$6*V53)) -> 0 | X53: =+W53 -> 0
D54: =1+C54-B54 -> 1 | E54: =F53 -> 0 | G54: =(F54-E54)/100 -> 0 | M54: =+(($H$6*H54)+($I$6*I54)+($J$6*J54)+($K$6*K54)+($L$6*L54)) -> 0 | N54: =+M54 -> 0 | O54: =+M54/G54 -> #DIV/0! | P54: Hernandez Luis | W54: =+(($H$6*R54)+($I$6*S54)+($J$6*T54)+($K$6*U54)+($L$6*V54)) -> 0 | X54: =+W54 -> 0
D55: =1+C55-B55 -> 1 | E55: =F54 -> 0 | G55: =(F55-E55)/100 -> 0 | M55: =+(($H$6*H55)+($I$6*I55)+($J$6*J55)+($K$6*K55)+($L$6*L55)) -> 0 | N55: =+M55 -> 0 | O55: =+M55/G55 -> #DIV/0! | P55: Andres Tinoco
D56: =1+C56-B56 -> 1 | E56: =F55 -> 0 | G56: =(F56-E56)/100 -> 0 | M56: =+(($H$6*H56)+($I$6*I56)+($J$6*J56)+($K$6*K56)+(13*L56)) -> 0 | N56: =+M56 -> 0 | O56: =+M56/G56 -> #DIV/0! | P56: Andres Tinoco
D57: =1+C57-B57 -> 1 | E57: =F56 -> 0 | G57: =(F57-E57)/100 -> 0 | M57: =+(($H$6*H57)+($I$6*I57)+($J$6*J57)+($K$6*K57)+($L$6*L57)) -> 0 | N57: =+M57 -> 0 | O57: =+M57/G57 -> #DIV/0! | P57: Yinso Nova
D58: =1+C58-B58 -> 1 | E58: =F57 -> 0 | G58: =(F58-E58)/100 -> 0 | M58: =+(($H$6*H58)+($I$6*I58)+($J$6*J58)+($K$6*K58)+($L$6*L58)) -> 0 | N58: =+M58 -> 0 | O58: =+M58/G58 -> #DIV/0! | P58: Luis Torres
D59: =1+C59-B59 -> 1 | E59: =F58 -> 0 | G59: =(F59-E59)/100 -> 0 | M59: =+(($H$6*H59)+($I$6*I59)+($J$6*J59)+($K$6*K59)+($L$6*L59)) -> 0 | N59: =+M59 -> 0 | O59: =+M59/G59 -> #DIV/0! | P59: Daniel Garcia
D60: =1+C60-B60 -> 1 | E60: =F59 -> 0 | G60: =(F60-E60)/100 -> 0 | M60: =+(($H$6*H60)+($I$6*I60)+($J$6*J60)+($K$6*K60)+($L$6*L60)) -> 0 | N60: =+M60 -> 0 | O60: =+M60/G60 -> #DIV/0! | P60: Daniel Garcia
D61: =1+C61-B61 -> 1 | E61: =F60 -> 0 | G61: =(F61-E61)/100 -> 0 | M61: =+(($H$6*H61)+($I$6*I61)+($J$6*J61)+($K$6*K61)+($L$6*L61)) -> 0 | N61: =+M61 -> 0 | O61: =+M61/G61 -> #DIV/0! | P61: Yinso Nova
D62: =1+C62-B62 -> 1 | E62: =F61 -> 0 | G62: =(F62-E62)/100 -> 0 | M62: =+(($H$6*H62)+($I$6*I62)+($J$6*J62)+($K$6*K62)+($L$6*L62)) -> 0 | N62: =+M62 -> 0 | O62: =+M62/G62 -> #DIV/0! | P62: Luis Torres
D63: =1+C63-B63 -> 1 | E63: =F62 -> 0 | G63: =(F63-E63)/100 -> 0 | M63: =+(($H$6*H63)+($I$6*I63)+($J$6*J63)+($K$6*K63)+($L$6*L63)) -> 0 | N63: =+M63 -> 0 | O63: =+M63/G63 -> #DIV/0! | P63: Daniel Garcia
D64: =1+C64-B64 -> 1 | E64: =F63 -> 0 | G64: =(F64-E64)/100 -> 0 | M64: =+(($H$6*H64)+($I$6*I64)+($J$6*J64)+($K$6*K64)+($L$6*L64)) -> 0 | N64: =+M64 -> 0 | O64: =+M64/G64 -> #DIV/0! | P64: Humberto V | W64: =+(($H$6*R64)+($I$6*S64)+($J$6*T64)+($K$6*U64)+($L$6*V64)) -> 0 | X64: =+W64 -> 0
D65: =1+C65-B65 -> 1 | E65: =F64 -> 0 | G65: =(F65-E65)/100 -> 0 | M65: =+(($H$6*H65)+($I$6*I65)+($J$6*J65)+($K$6*K65)+($L$6*L65)) -> 0 | N65: =+M65 -> 0 | O65: =+M65/G65 -> #DIV/0! | P65: Humberto V
D66: =1+C66-B66 -> 1 | E66: =F65 -> 0 | G66: =(F66-E66)/100 -> 0 | M66: =+(($H$6*H66)+($I$6*I66)+($J$6*J66)+($K$6*K66)+($L$6*L66)) -> 0 | N66: =+M66 -> 0 | O66: =+M66/G66 -> #DIV/0! | P66: Luis Torres | W66: =+(($H$6*R66)+($I$6*S66)+($J$6*T66)+($K$6*U66)+($L$6*V66)) -> 0 | X66: =+W66 -> 0
D67: =1+C67-B67 -> 1 | E67: =F66 -> 0 | G67: =(F67-E67)/100 -> 0 | M67: =+(($H$6*H67)+($I$6*I67)+($J$6*J67)+($K$6*K67)+($L$6*L67)) -> 0 | N67: =+M67 -> 0 | O67: =+M67/G67 -> #DIV/0! | P67: yeison | W67: =+(($H$6*R67)+($I$6*S67)+($J$6*T67)+($K$6*U67)+($L$6*V67)) -> 0 | X67: =+W67 -> 0
D68: =1+C68-B68 -> 1 | E68: =F67 -> 0 | G68: =(F68-E68)/100 -> 0 | M68: =+(($H$6*H68)+($I$6*I68)+($J$6*J68)+($K$6*K68)+($L$6*L68)) -> 0 | N68: =+M68 -> 0 | O68: =+M68/G68 -> #DIV/0! | P68: Daniel Garcia | W68: =+(($H$6*R68)+($I$6*S68)+($J$6*T68)+($K$6*U68)+($L$6*V68)) -> 0 | X68: =+W68 -> 0
D69: =1+C69-B69 -> 1 | E69: =F68 -> 0 | G69: =(F69-E69)/100 -> 0 | M69: =+(($H$6*H69)+($I$6*I69)+($J$6*J69)+($K$6*K69)+($L$6*L69)) -> 0 | N69: =+M69 -> 0 | O69: =+M69/G69 -> #DIV/0! | P69: Jhoan Sebastian
D70: =1+C70-B70 -> 1 | E70: =F69 -> 0 | G70: =(F70-E70)/100 -> 0 | M70: =+(($H$6*H70)+($I$6*I70)+($J$6*J70)+($K$6*K70)+(L70*25)) -> 0 | N70: =+M70 -> 0 | O70: =+M70/G70 -> #DIV/0! | P70: Luis Torres
D71: =1+C71-B71 -> 1 | E71: =F70 -> 0 | G71: =(F71-E71)/100 -> 0 | M71: =+(($H$6*H71)+($I$6*I71)+($J$6*J71)+($K$6*K71)+(13*L71)) -> 0 | N71: =+M71 -> 0 | O71: =+M71/G71 -> #DIV/0! | P71: Andres Tinoco | W71: =+(($H$6*R71)+($I$6*S71)+($J$6*T71)+($K$6*U71)+($L$6*V71)) -> 0 | X71: =+W71 -> 0
D72: =1+C72-B72 -> 1 | E72: =F71 -> 0 | G72: =(F72-E72)/100 -> 0 | M72: =+(($H$6*H72)+($I$6*I72)+($J$6*J72)+($K$6*K72)+($L$6*L72)) -> 0 | N72: =+M72 -> 0 | O72: =+M72/G72 -> #DIV/0! | P72: Daniel Garcia | W72: =+(($H$6*R72)+($I$6*S72)+($J$6*T72)+($K$6*U72)+($L$6*V72)) -> 0 | X72: =+W72 -> 0
D73: =1+C73-B73 -> 1 | E73: =F72 -> 0 | G73: =(F73-E73)/100 -> 0 | M73: =+(($H$6*H73)+($I$6*I73)+($J$6*J73)+($K$6*K73)+($L$6*L73)) -> 0 | N73: =+M73 -> 0 | O73: =+M73/G73 -> #DIV/0! | P73: Daniel Garcia | W73: =+(($H$6*R73)+($I$6*S73)+($J$6*T73)+($K$6*U73)+($L$6*V73)) -> 0 | X73: =+W73 -> 0
D74: =1+C74-B74 -> 1 | E74: =F73 -> 0 | G74: =(F74-E74)/100 -> 0 | M74: =+(($H$6*H74)+($I$6*I74)+($J$6*J74)+($K$6*K74)+($L$6*L74)) -> 0 | N74: =+M74 -> 0 | O74: =+M74/G74 -> #DIV/0! | P74: Luis Torres | W74: =+(($H$6*R74)+($I$6*S74)+($J$6*T74)+($K$6*U74)+($L$6*V74)) -> 0 | X74: =+W74 -> 0
D75: =1+C75-B75 -> 1 | E75: =F74 -> 0 | G75: =(F75-E75)/100 -> 0 | M75: =+(($H$6*H75)+($I$6*I75)+($J$6*J75)+($K$6*K75)+($L$6*L75)) -> 0 | N75: =+M75 -> 0 | O75: =+M75/G75 -> #DIV/0! | P75: yeison | W75: =+(($H$6*R75)+($I$6*S75)+($J$6*T75)+($K$6*U75)+($L$6*V75)) -> 0 | X75: =+W75 -> 0
D76: =1+C76-B76 -> 1 | E76: =F75 -> 0 | G76: =(F76-E76)/100 -> 0 | M76: =+(($H$6*H76)+($I$6*I76)+($J$6*J76)+($K$6*K76)+($L$6*L76)) -> 0 | N76: =+M76 -> 0 | O76: =+M76/G76 -> #DIV/0! | P76: Daniel Garcia
D77: =1+C77-B77 -> 1 | E77: =F76 -> 0 | G77: =(F77-E77)/100 -> 0 | M77: =+(($H$6*H77)+($I$6*I77)+($J$6*J77)+($K$6*K77)+($L$6*L77)) -> 0 | N77: =+M77 -> 0 | O77: =+M77/G77 -> #DIV/0! | P77: Daniel Garcia
D78: =1+C78-B78 -> 1 | E78: =F77 -> 0 | G78: =(F78-E78)/100 -> 0 | M78: =+(($H$6*H78)+($I$6*I78)+($J$6*J78)+($K$6*K78)+(13*L78)) -> 0 | N78: =+M78 -> 0 | O78: =+M78/G78 -> #DIV/0! | P78: yeison | W78: =+(($H$6*R78)+($I$6*S78)+($J$6*T78)+($K$6*U78)+($L$6*V78)) -> 0 | X78: =+W78 -> 0
D79: =1+C79-B79 -> 1 | E79: =F78 -> 0 | G79: =(F79-E79)/100 -> 0 | M79: =+(($H$6*H79)+($I$6*I79)+($J$6*J79)+($K$6*K79)+($L$6*L79)) -> 0 | N79: =+M79 -> 0 | O79: =+M79/G79 -> #DIV/0! | P79: Andres Tinoco | W79: =+(($H$6*R79)+($I$6*S79)+($J$6*T79)+($K$6*U79)+($L$6*V79)) -> 0 | X79: =+W79 -> 0
D80: =1+C80-B80 -> 1 | E80: =F79 -> 0 | G80: =(F80-E80)/100 -> 0 | M80: =+(($H$6*H80)+($I$6*I80)+($J$6*J80)+($K$6*K80)+($L$6*L80)) -> 0 | N80: =+M80 -> 0 | O80: =+M80/G80 -> #DIV/0! | P80: Jhoan Sebastian | W80: =+(($H$6*R80)+($I$6*S80)+($J$6*T80)+($K$6*U80)+($L$6*V80)) -> 0 | X80: =+W80 -> 0
D81: =1+C81-B81 -> 1 | E81: =F80 -> 0 | G81: =(F81-E81)/100 -> 0 | M81: =+(($H$6*H81)+($I$6*I81)+($J$6*J81)+($K$6*K81)+($L$6*L81)) -> 0 | N81: =+M81 -> 0 | O81: =+M81/G81 -> #DIV/0! | P81: oscar andres | W81: =+(($H$6*R81)+($I$6*S81)+($J$6*T81)+($K$6*U81)+($L$6*V81)) -> 0 | X81: =+W81 -> 0
D82: =1+C82-B82 -> 1 | E82: =F81 -> 0 | G82: =(F82-E82)/100 -> 0 | M82: =+(($H$6*H82)+($I$6*I82)+($J$6*J82)+($K$6*K82)+($L$6*L82)) -> 0 | N82: =+M82 -> 0 | O82: =+M82/G82 -> #DIV/0! | P82: Yinso Nova | W82: =+(($H$6*R82)+($I$6*S82)+($J$6*T82)+($K$6*U82)+($L$6*V82)) -> 0 | X82: =+W82 -> 0
D83: =1+C83-B83 -> 1 | E83: =F82 -> 0 | G83: =(F83-E83)/100 -> 0 | M83: =+(($H$6*H83)+($I$6*I83)+($J$6*J83)+($K$6*K83)+($L$6*L83)) -> 0 | N83: =+M83 -> 0 | O83: =+M83/G83 -> #DIV/0! | P83: Andres Tinoco | W83: =+(($H$6*R83)+($I$6*S83)+($J$6*T83)+($K$6*U83)+($L$6*V83)) -> 0 | X83: =+W83 -> 0
D84: =1+C84-B84 -> 1 | E84: =F83 -> 0 | G84: 8 | M84: =+(($H$6*H84)+($I$6*I84)+($J$6*J84)+($K$6*K84)+($L$6*L84)) -> 0 | N84: =+M84 -> 0 | O84: =+M84/G84 -> 0 | P84: yeison | W84: =+(($H$6*R84)+($I$6*S84)+($J$6*T84)+($K$6*U84)+($L$6*V84)) -> 0 | X84: =+W84 -> 0
D85: =1+C85-B85 -> 1 | E85: =F84 -> 0 | G85: =(F85-E85)/100 -> 0 | M85: =+(($H$6*H85)+($I$6*I85)+($J$6*J85)+($K$6*K85)+($L$6*L85)) -> 0 | N85: =+M85 -> 0 | O85: =+M85/G85 -> #DIV/0! | P85: Hernandez Luis | W85: =+(($H$6*R85)+($I$6*S85)+($J$6*T85)+($K$6*U85)+($L$6*V85)) -> 0 | X85: =+W85 -> 0
D86: =1+C86-B86 -> 1 | E86: =F85 -> 0 | G86: =(F86-E86)/100 -> 0 | M86: =+(($H$6*H86)+($I$6*I86)+($J$6*J86)+($K$6*K86)+($L$6*L86)) -> 0 | N86: =+M86 -> 0 | O86: =+M86/G86 -> #DIV/0! | P86: Hernandez Luis | W86: =+(($H$6*R86)+($I$6*S86)+($J$6*T86)+($K$6*U86)+($L$6*V86)) -> 0 | X86: =+W86 -> 0
D87: =1+C87-B87 -> 1 | E87: =F86 -> 0 | G87: =(F87-E87)/100 -> 0 | M87: =+(($H$6*H87)+($I$6*I87)+($J$6*J87)+($K$6*K87)+($L$6*L87)) -> 0 | N87: =+M87 -> 0 | O87: =+M87/G87 -> #DIV/0! | P87: Andres Tinoco | W87: =+(($H$6*R87)+($I$6*S87)+($J$6*T87)+($K$6*U87)+($L$6*V87)) -> 0 | X87: =+W87 -> 0
D88: =1+C88-B88 -> 1 | E88: =F87 -> 0 | G88: =(F88-E88)/100 -> 0 | M88: =+(($H$6*H88)+($I$6*I88)+($J$6*J88)+($K$6*K88)+($L$6*L88)) -> 0 | N88: =+M88 -> 0 | O88: =+M88/G88 -> #DIV/0! | P88: Daniel Garcia | W88: =+(($H$6*R88)+($I$6*S88)+($J$6*T88)+($K$6*U88)+($L$6*V88)) -> 0 | X88: =+W88 -> 0
D89: 1.1409722 | E89: =F88 -> 0 | G89: 3.97 | M89: 402 | N89: 402 | O89: 101.25945 | P89: Yinso Nova | W89: 0 | X89: 0
D90: 1.1409722 | E90: =F89 -> 0 | G90: 3.97 | M90: 402 | N90: 402 | O90: 101.25945 | P90: Yinso Nova | W90: 0 | X90: 0
D91: =1+C91-B91 -> 1 | E91: =F90 -> 0 | G91: =(F91-E91)/100 -> 0 | M91: =+(($H$6*H91)+($I$6*I91)+($J$6*J91)+($K$6*K91)+($L$6*L91)) -> 0 | N91: =+M91 -> 0 | O91: =+M91/G91 -> #DIV/0! | P91: Andres Tinoco | W91: =+(($H$6*R91)+($I$6*S91)+($J$6*T91)+($K$6*U91)+($L$6*V91)) -> 0 | X91: =+W91 -> 0
D92: =1+C92-B92 -> 1 | E92: =F91 -> 0 | G92: =(F92-E92)/100 -> 0 | M92: =+(($H$6*H92)+($I$6*I92)+($J$6*J92)+($K$6*K92)+($L$6*L92)) -> 0 | N92: =+M92 -> 0 | O92: =+M92/G92 -> #DIV/0! | P92: Daniel Garcia | W92: =+(($H$6*R92)+($I$6*S92)+($J$6*T92)+($K$6*U92)+($L$6*V92)) -> 0 | X92: =+W92 -> 0
D93: =1+C93-B93 -> 1 | E93: =F92 -> 0 | G93: =(F93-E93)/100 -> 0 | M93: =+(($H$6*H93)+($I$6*I93)+($J$6*J93)+($K$6*K93)+($L$6*L93)) -> 0 | N93: =+M93 -> 0 | O93: =+M93/G93 -> #DIV/0! | P93: oscar andres | W93: =+(($H$6*R93)+($I$6*S93)+($J$6*T93)+($K$6*U93)+($L$6*V93)) -> 0 | X93: =+W93 -> 0
D94: =1+C94-B94 -> 1 | E94: =F93 -> 0 | G94: =(F94-E94)/100 -> 0 | M94: =+(($H$6*H94)+($I$6*I94)+($J$6*J94)+($K$6*K94)+($L$6*L94)) -> 0 | N94: =+M94 -> 0 | O94: =+M94/G94 -> #DIV/0! | P94: quejada diego
D95: =1+C95-B95 -> 1 | E95: =F94 -> 0 | G95: =(F95-E95)/100 -> 0 | M95: =+(($H$6*H95)+($I$6*I95)+($J$6*J95)+($K$6*K95)+($L$6*L95)) -> 0 | N95: =+M95 -> 0 | O95: =+M95/G95 -> #DIV/0! | P95: Andres Tinoco
D96: =1+C96-B96 -> 1 | E96: =F95 -> 0 | G96: =(F96-E96)/100 -> 0 | M96: =+(($H$6*H96)+($I$6*I96)+($J$6*J96)+($K$6*K96)+(13*L96)) -> 0 | N96: =+M96 -> 0 | O96: =+M96/G96 -> #DIV/0! | P96: Daniel Garcia | W96: =+(($H$6*R96)+($I$6*S96)+($J$6*T96)+($K$6*U96)+($L$6*V96)) -> 0 | X96: =+W96 -> 0
D97: =1+C97-B97 -> 1 | E97: =F96 -> 0 | G97: =(F97-E97)/100 -> 0 | M97: =+(($H$6*H97)+($I$6*I97)+($J$6*J97)+($K$6*K97)+($L$6*L97)) -> 0 | N97: =+M97 -> 0 | O97: =+M97/G97 -> #DIV/0! | P97: oscar andres | W97: =+(($H$6*R97)+($I$6*S97)+($J$6*T97)+($K$6*U97)+($L$6*V97)) -> 0 | X97: =+W97 -> 0
D98: =1+C98-B98 -> 1 | E98: =F97 -> 0 | G98: =(F98-E98)/100 -> 0 | M98: =+(($H$6*H98)+($I$6*I98)+($J$6*J98)+($K$6*K98)+($L$6*L98)) -> 0 | N98: =+M98 -> 0 | O98: =+M98/G98 -> #DIV/0! | P98: david | W98: =+(($H$6*R98)+($I$6*S98)+($J$6*T98)+($K$6*U98)+($L$6*V98)) -> 0 | X98: =+W98 -> 0
D99: =1+C99-B99 -> 1 | E99: =F98 -> 0 | G99: =(F99-E99)/100 -> 0 | M99: =+(($H$6*H99)+($I$6*I99)+($J$6*J99)+($K$6*K99)+($L$6*L99)) -> 0 | N99: =+M99 -> 0 | O99: =+M99/G99 -> #DIV/0! | P99: Andres Tinoco | W99: =+(($H$6*R99)+($I$6*S99)+($J$6*T99)+($K$6*U99)+($L$6*V99)) -> 0 | X99: =+W99 -> 0
D100: =1+C100-B100 -> 1 | E100: =F99 -> 0 | G100: =(F100-E100)/100 -> 0 | M100: =+(($H$6*H100)+($I$6*I100)+($J$6*J100)+($K$6*K100)+(13*L100)) -> 0 | N100: =+M100 -> 0 | O100: =+M100/G100 -> #DIV/0! | P100: oscar andres | W100: =+(($H$6*R100)+($I$6*S100)+($J$6*T100)+($K$6*U100)+($L$6*V100)) -> 0 | X100: =+W100 -> 0
...

Sheet MAQUINA DE BOTELLONES
A1: COMPAÑÍA OPITA DE FRIO SAS | D1: MAQUINA BOTELLONES
A2: CONTROL DE TIEMPO DE PRODUCCION
A3: LINEA DEL AGUA
B4: TIEMPO HORARICA | E4: CONTROL HOROMETRO | H4: PRODUCTOS | J4: PROMED | K4: OBSERVACIONES
A5: FECHA | B5: HORA INIC | C5: HORA FIN | D5: TIEMP PRENDIDA | E5: HOROM INC | F5: HOROM FIN | G5: TIEMP PROD | H5: BOTELLON | I5: ACUM BOTELL | J5: BOT X HORA | K5: AYUDANTE | L5: PET 300*24 | M5: PET 500 *12 | N5: PET 500*12 GAS | O5: PET 600 *12 | P5: PET 5 litros | Q5: PET 600*12 GAS | R5: pet 1litro*6
E6: 0 | J6: -
A7: 46082 | B7: 0.33333333 | C7: 0.52083333 | D7: =+C7-B7 -> 0.1875 | E7: 61714 | F7: 61892 | G7: =(F7-E7)/100 -> 1.78 | H7: 149 | I7: =+H7 -> 149 | J7: =+H7/G7 -> 83.707865 | K7: Yinso Novoa | P7: 56
A8: 46083 | B8: 0.39652778 | C8: 0.49305556 | D8: =+C8-B8 -> 0.096527778 | E8: =F7 -> 61892 | F8: 61989 | G8: =(F8-E8)/100 -> 0.97 | H8: 63 | I8: =+H8 -> 63 | J8: =+H8/G8 -> 64.948454 | K8: luis torres | L8: 7
A9: 46083 | B9: 0.67361111 | C9: 0.75 | D9: =+C9-B9 -> 0.076388889 | E9: =F8 -> 61989 | F9: 62065 | G9: 6 | H9: 58 | I9: =+H9 -> 58 | J9: =+H9/G9 -> 9.6666667 | K9: humberto
A10: 46083 | B10: 0.038888889 | C10: 0.053472222 | D10: =+C10-B10 -> 0.014583333 | E10: =F9 -> 62065 | F10: 62095 | G10: 3 | H10: 23 | I10: =+H10 -> 23 | J10: =+H10/G10 -> 7.6666667 | K10: Yinso Novoa | P10: 84
A11: 46084 | B11: 0.38541667 | C11: 0.67361111 | D11: =+C11-B11 -> 0.28819444 | E11: =F10 -> 62095 | F11: 62297 | G11: 2 | H11: 166 | I11: =+H11 -> 166 | J11: =+H11/G11 -> 83 | K11: Miguel Mendoza
A12: 46085 | B12: 0.3125 | C12: 0.72777778 | D12: =+C12-B12 -> 0.41527778 | E12: =F11 -> 62297 | F12: 62781 | G12: =(F12-E12)/100 -> 4.84 | H12: 159 | I12: =+H12 -> 159 | J12: =+H12/G12 -> 32.85124 | K12: luis torres
A13: 46085 | B13: 0.79444444 | C13: 0.81944444 | D13: =+C13-B13 -> 0.025 | E13: =F12 -> 62781 | F13: 62842 | G13: =(F13-E13)/100 -> 0.61 | H13: 53 | I13: =+H13 -> 53 | J13: =+H13/G13 -> 86.885246 | K13: Hernandez Luis | L13: 10
A14: 46086 | B14: 0.39930556 | C14: 0.54513889 | D14: =+C14-B14 -> 0.14583333 | E14: =F13 -> 62842 | F14: 63000 | G14: =(F14-E14)/100 -> 1.58 | H14: 128 | I14: =+H14 -> 128 | J14: =+H14/G14 -> 81.012658 | K14: luis torres
A15: 46086 | B15: 0.79791667 | C15: 0.86388889 | D15: =+C15-B15 -> 0.065972222 | E15: =F14 -> 63000 | F15: 63067 | G15: =(F15-E15)/100 -> 0.67 | H15: 59 | I15: =+H15 -> 59 | J15: =+H15/G15 -> 88.059701 | K15: Hernandez Luis | L15: 11
A16: 46087 | B16: 0.41805556 | C16: 0.57291667 | D16: =+C16-B16 -> 0.15486111 | E16: =F15 -> 63067 | F16: 63226 | G16: =(F16-E16)/100 -> 1.59 | H16: 120 | I16: =+H16 -> 120 | J16: =+H16/G16 -> 75.471698 | K16: luis torres
A17: 46087 | B17: 0.95 | C17: 0.96041667 | D17: =+C17-B17 -> 0.010416667 | E17: =F16 -> 63226 | F17: 63294 | G17: =(F17-E17)/100 -> 0.68 | H17: 13 | I17: =+H17 -> 13 | J17: =+H17/G17 -> 19.117647 | K17: Yinso Novoa | P17: 84
A18: 46088 | B18: 0.61458333 | C18: 0.65416667 | D18: =+C18-B18 -> 0.039583333 | E18: =F17 -> 63294 | F18: 63383 | G18: 5 | H18: 79 | I18: =+H18 -> 79 | J18: =+H18/G18 -> 15.8 | K18: luis torres | P18: 56
A19: 46089 | B19: 0.59375 | C19: 0.61944444 | D19: =+C19-B19 -> 0.025694444 | E19: =F18 -> 63383 | F19: 63544 | G19: 1 | H19: 30 | I19: =+H19 -> 30 | J19: =+H19/G19 -> 30 | K19: luis torres
A20: 46090 | B20: 0.37777778 | C20: 0.46180556 | D20: =+C20-B20 -> 0.084027778 | E20: =F19 -> 63544 | F20: 63668 | G20: 1 | H20: 72 | I20: =+H20 -> 72 | J20: =+H20/G20 -> 72 | K20: Miguel Mendoza
A21: 46090 | B21: 0.95138889 | C21: 0.99166667 | D21: =+C21-B21 -> 0.040277778 | E21: =F20 -> 63668 | F21: 63784 | G21: 4 | H21: 63 | I21: =+H21 -> 63 | J21: =+H21/G21 -> 15.75 | K21: Hernandez Luis | P21: 56
A22: 46091 | B22: 0.39930556 | C22: 0.58333333 | D22: =+C22-B22 -> 0.18402778 | E22: =F21 -> 63784 | F22: 63868 | G22: =(F22-E22)/100 -> 0.84 | H22: 84 | I22: =+H22 -> 84 | J22: =+H22/G22 -> 100 | K22: Miguel Mendoza
A23: 46091 | B23: 0.94027778 | C23: 0.96111111 | D23: =+C23-B23 -> 0.020833333 | E23: =F22 -> 63868 | F23: 63925 | G23: =(F23-E23)/100 -> 0.57 | H23: 40 | I23: =+H23 -> 40 | J23: =+H23/G23 -> 70.175439 | K23: Hernandez Luis | P23: 56
A24: 46092 | B24: 0.44791667 | C24: 0.55138889 | D24: =+C24-B24 -> 0.10347222 | E24: =F23 -> 63925 | F24: 64022 | G24: 8 | H24: 62 | I24: =+H24 -> 62 | J24: =+H24/G24 -> 7.75 | K24: luis torres
A25: 46092 | B25: 0.75 | C25: 0.84027778 | D25: =+C25-B25 -> 0.090277778 | E25: =F24 -> 64022 | F25: 64119 | G25: =(F25-E25)/100 -> 0.97 | H25: 94 | I25: =+H25 -> 94 | J25: =+H25/G25 -> 96.907216 | K25: humberto
A26: 46093 | B26: 0.40972222 | C26: 0.49305556 | D26: =+C26-B26 -> 0.083333333 | E26: =F25 -> 64119 | F26: 64215 | G26: =(F26-E26)/100 -> 0.96 | H26: 76 | I26: =+H26 -> 76 | J26: =+H26/G26 -> 79.166667 | K26: Yinso Novoa
A27: 46093 | B27: 0.61597222 | C27: 0.70763889 | D27: =+C27-B27 -> 0.091666667 | E27: =F26 -> 64215 | F27: 64288 | G27: =(F27-E27)/100 -> 0.73 | H27: 54 | I27: =+H27 -> 54 | J27: =+H27/G27 -> 73.972603 | K27: luis torres
A28: 46093 | B28: 0.8125 | C28: 0.84027778 | D28: =+C28-B28 -> 0.027777778 | E28: =F27 -> 64288 | F28: 64335 | G28: =(F28-E28)/100 -> 0.47 | H28: 39 | I28: =+H28 -> 39 | J28: =+H28/G28 -> 82.978723 | K28: james | AF28: 2
A29: 46094 | B29: 0.375 | C29: 0.57291667 | D29: =+C29-B29 -> 0.19791667 | E29: =F28 -> 64335 | F29: 64517 | G29: =(F29-E29)/100 -> 1.82 | H29: 143 | I29: =+H29 -> 143 | J29: =+H29/G29 -> 78.571429 | K29: Miguel Mendoza
A30: 46094 | B30: 0.8125 | C30: 0.84791667 | D30: =+C30-B30 -> 0.035416667 | E30: =F29 -> 64517 | F30: 64559 | G30: =(F30-E30)/100 -> 0.42 | H30: 34 | I30: =+H30 -> 34 | J30: =+H30/G30 -> 80.952381 | K30: luis torres | P30: 56
A31: 46095 | B31: 0.43055556 | C31: 0.65625 | D31: =+C31-B31 -> 0.22569444 | E31: =F30 -> 64559 | F31: 64702 | G31: =(F31-E31)/100 -> 1.43 | H31: 88 | I31: =+H31 -> 88 | J31: =+H31/G31 -> 61.538462 | K31: luis torres
A32: 46095 | B32: 0.84027778 | C32: 0.88611111 | D32: =+C32-B32 -> 0.045833333 | E32: =F31 -> 64702 | F32: 64753 | G32: =(F32-E32)/100 -> 0.51 | H32: 43 | I32: =+H32 -> 43 | J32: =+H32/G32 -> 84.313725 | K32: humberto | P32: 56
D33: =+C33-B33 -> 0 | E33: =F32 -> 64753 | G33: =(F33-E33)/100 -> -647.53 | I33: =+H33 -> 0 | J33: =+H33/G33 -> 0 | K33: Miguel Mendoza
D34: =+C34-B34 -> 0 | E34: =F33 -> 0 | G34: =(F34-E34)/100 -> 0 | I34: =+H34 -> 0 | J34: =+H34/G34 -> #DIV/0!
D35: =+C35-B35 -> 0 | E35: =F34 -> 0 | G35: =(F35-E35)/100 -> 0 | I35: =+H35 -> 0 | J35: =+H35/G35 -> #DIV/0! | K35: Miguel Mendoza
D36: =+C36-B36 -> 0 | E36: =F35 -> 0 | G36: 1 | I36: =+H36 -> 0 | J36: =+H36/G36 -> 0 | K36: humberto
D37: =+C37-B37 -> 0 | E37: =F36 -> 0 | G37: =(F37-E37)/100 -> 0 | I37: =+H37 -> 0 | J37: =+H37/G37 -> #DIV/0! | K37: Hernandez Luis
D38: =+C38-B38 -> 0 | E38: =F37 -> 0 | G38: =(F38-E38)/100 -> 0 | I38: =+H38 -> 0 | J38: =+H38/G38 -> #DIV/0! | K38: Miguel Mendoza
D39: =+C39-B39 -> 0 | E39: =F38 -> 0 | G39: =(F39-E39)/100 -> 0 | I39: =+H39 -> 0 | J39: =+H39/G39 -> #DIV/0! | K39: Yinso Novoa
D40: =+C40-B40 -> 0 | E40: =F39 -> 0 | G40: =(F40-E40)/100 -> 0 | I40: =+H40 -> 0 | J40: =+H40/G40 -> #DIV/0! | K40: Hernandez Luis
D41: =+C41-B41 -> 0 | E41: =F40 -> 0 | G41: =(F41-E41)/100 -> 0 | I41: =+H41 -> 0 | J41: =+H41/G41 -> #DIV/0! | K41: Yinso Novoa
D42: =+C42-B42 -> 0 | E42: =F41 -> 0 | G42: =(F42-E42)/100 -> 0 | I42: =+H42 -> 0 | J42: =+H42/G42 -> #DIV/0! | K42: Yinso Novoa
D43: =+C43-B43 -> 0 | E43: =F42 -> 0 | G43: =(F43-E43)/100 -> 0 | I43: =+H43 -> 0 | J43: =+H43/G43 -> #DIV/0! | K43: luis torres
D44: =+C44-B44 -> 0 | E44: =F43 -> 0 | G44: =(F44-E44)/100 -> 0 | I44: =+H44 -> 0 | J44: =+H44/G44 -> #DIV/0! | K44: andres t
D45: =+C45-B45 -> 0 | E45: =F44 -> 0 | G45: =(F45-E45)/100 -> 0 | I45: =+H45 -> 0 | J45: =+H45/G45 -> #DIV/0!
D46: =+C46-B46 -> 0 | E46: =F45 -> 0 | G46: =(F46-E46)/100 -> 0 | I46: =+H46 -> 0 | J46: =+H46/G46 -> #DIV/0!
D47: =+C47-B47 -> 0 | E47: =F46 -> 0 | G47: =(F47-E47)/100 -> 0 | I47: =+H47 -> 0 | J47: =+H47/G47 -> #DIV/0!
D48: =+C48-B48 -> 0 | E48: =F47 -> 0 | G48: =(F48-E48)/100 -> 0 | I48: =+H48 -> 0 | J48: =+H48/G48 -> #DIV/0!
D49: =+C49-B49 -> 0 | E49: =F48 -> 0 | G49: =(F49-E49)/100 -> 0 | I49: =+H49 -> 0 | J49: =+H49/G49 -> #DIV/0!
D50: =+C50-B50 -> 0 | E50: =F49 -> 0 | G50: =(F50-E50)/100 -> 0 | I50: =+H50 -> 0 | J50: =+H50/G50 -> #DIV/0!
D51: =+C51-B51 -> 0 | E51: =F50 -> 0 | G51: =(F51-E51)/100 -> 0 | I51: =+H51 -> 0 | J51: =+H51/G51 -> #DIV/0!
D52: =+C52-B52 -> 0 | E52: =F51 -> 0 | G52: =(F52-E52)/100 -> 0 | I52: =+H52 -> 0 | J52: =+H52/G52 -> #DIV/0!
D53: =+C53-B53 -> 0 | E53: =F52 -> 0 | G53: =(F53-E53)/100 -> 0 | I53: =+H53 -> 0 | J53: =+H53/G53 -> #DIV/0!
D54: =+C54-B54 -> 0 | E54: =F53 -> 0 | G54: =(F54-E54)/100 -> 0 | I54: =+H54 -> 0 | J54: =+H54/G54 -> #DIV/0!
D55: =+C55-B55 -> 0 | E55: =F54 -> 0 | G55: =(F55-E55)/100 -> 0 | I55: =+H55 -> 0 | J55: =+H55/G55 -> #DIV/0!
D56: =+C56-B56 -> 0 | E56: =F55 -> 0 | G56: =(F56-E56)/100 -> 0 | I56: =+H56 -> 0 | J56: =+H56/G56 -> #DIV/0!
... D68: =+C68-B68 -> 0 | E68: =F67 -> 0 | G68: =(F68-E68)/100 -> 0 | I68: =+H68 -> 0 | J68: =+H68/G68 -> #DIV/0!
H70: 0 | K70: 26
I71: 0 | K71: 15
K72: 34
I73: 0 | J73: 0 | K73: 55
A1048576: 45359

Sheet MAQUINA DE AGUA 350
A1: COMPAÑÍA OPITA DE FRIO SAS | F1: MAQUINA 350ML
A2: CONTROL DE TIEMPO DE PRODUCCION
A3: LINEA DEL AGUA
B4: TIEMPO HORARICA | E4: CONTROL UNIDADES | H4: PRODUCTOS | M4: PLASTICO | N4: CONVERS | O4: PROMEDIO | P4: DESPERDICIO | Q4: OBSERVACIONES
A5: FECHA | B5: HORA INIC | C5: HORA FIN | D5: TIEMP PRENDIDA | E5: UNIDAD BUENAS | F5: UNIDAD DAÑADAS | G5: TOTAL DE UNIDADES | H5: PACA X 15 UNID | I5: PACA X 24 UNID | J5: BOLSA DE 6 LITROS | K5: ACUM X 15 | L5: ACUM X 24 | M5: UTILIZ KILOS | N5: PACAS POR DE 15 UNID | O5: PROD X KILO | P5: EN KILOS | Q5: AYUDANTE | R5: OBSERVACION
A7: 46083 | B7: 0.36111111 | C7: 0.69791667 | D7: =C7-B7 -> 0.33680556 | E7: =H7*15+I7*24 -> 11052 | H7: 300 | I7: 273 | J7: 260 | K7: =H7*15 -> 4500 | L7: =I7*24 -> 6552 | N7: =(I7*24/15)+H7 -> 736.8 | O7: #DIV/0! | P7: =+F7*0.003 -> 0 | Q7: Miguel Mendoza
A8: 46085 | B8: 0.36805556 | C8: 0.65972222 | D8: =C8-B8 -> 0.29166667 | E8: 4575 | H8: 350 | I8: 207 | J8: 140 | K8: =H8*15 -> 5250 | L8: =I8*24 -> 4968 | N8: =(I8*24/15)+H8 -> 681.2 | O8: #DIV/0! | P8: =+F8*0.003 -> 0 | Q8: Miguel Mendoza
A9: 46085 | B9: 0.3125 | C9: 0.22777778 | D9: =C9-B9 -> -0.084722222 | E9: =(H9*15)+(I9*24) -> 0 | K9: =H9*15 -> 0 | L9: =I9*24 -> 0 | N9: =(I9*24/15)+H9 -> 0 | O9: #DIV/0! | P9: =+F9*0.003 -> 0 | Q9: Miguel Mendoza
A10: 46086 | B10: 0.59722222 | C10: 0.69791667 | D10: =C10-B10 -> 0.10069444 | E10: =(H10*15)+(I10*24) -> 3645 | H10: 35 | I10: 130 | J10: 120 | K10: =H10*15 -> 525 | L10: =I10*24 -> 3120 | N10: =(I10*24/15)+H10 -> 243 | O10: #DIV/0! | P10: =+F10*0.003 -> 0 | Q10: Miguel Mendoza
A11: 46087 | B11: 0.39583333 | C11: 0.6875 | D11: =C11-B11 -> 0.29166667 | E11: =(H11*15)+(I11*24) -> 5655 | H11: 233 | I11: 90 | K11: =H11*15 -> 3495 | L11: =I11*24 -> 2160 | N11: =(I11*24/15)+H11 -> 377 | O11: #DIV/0! | P11: =+F11*0.003 -> 0 | Q11: Miguel Mendoza
A12: 46088 | B12: 0.39583333 | C12: 0.65277778 | D12: =C12-B12 -> 0.25694444 | E12: =(H12*15)+(I12*24) -> 9252 | H12: 100 | I12: 323 | J12: 160 | K12: =H12*15 -> 1500 | L12: =I12*24 -> 7752 | N12: =(I12*24/15)+H12 -> 616.8 | O12: #DIV/0! | P12: =+F12*0.003 -> 0 | Q12: Miguel Mendoza
A13: 46090 | B13: 0.52777778 | C13: 0.70138889 | D13: =C13-B13 -> 0.17361111 | E13: =(H13*15)+(I13*24) -> 6870 | H13: 266 | I13: 120 | J13: 200 | K13: =H13*15 -> 3990 | L13: =I13*24 -> 2880 | N13: =(I13*24/15)+H13 -> 458 | O13: =+N13/M13 -> #DIV/0! | P13: =+F13*0.003 -> 0 | Q13: Miguel Mendoza
A14: 46091 | B14: 0.63194444 | C14: 0.74305556 | D14: =C14-B14 -> 0.11111111 | E14: =(H14*15)+(I14*24) -> 4080 | I14: 170 | J14: 140 | K14: =H14*15 -> 0 | L14: =I14*24 -> 4080 | N14: =(I14*24/15)+H14 -> 272 | O14: =+N14/M14 -> #DIV/0! | P14: =+F14*0.003 -> 0 | Q14: Miguel Mendoza
A15: 46092 | B15: 0.375 | C15: 0.54166667 | D15: =C15-B15 -> 0.16666667 | E15: =(H15*15)+(I15*24) -> 6750 | H15: 450 | K15: =H15*15 -> 6750 | L15: =I15*24 -> 0 | N15: =(I15*24/15)+H15 -> 450 | O15: =+N15/M15 -> #DIV/0! | P15: =+F15*0.003 -> 0 | Q15: Miguel Mendoza
D16: =C16-B16 -> 0 | E16: =(H16*15)+(I16*24) -> 0 | K16: =H16*15 -> 0 | L16: =I16*24 -> 0 | N16: =(I16*24/15)+H16 -> 0 | O16: =+N16/M16 -> #DIV/0! | P16: 0
D17: =C17-B17 -> 0 | E17: =(H17*15)+(I17*24) -> 0 | K17: =H17*15 -> 0 | L17: =I17*24 -> 0 | N17: =(I17*24/15)+H17 -> 0 | O17: =+N17/M17 -> #DIV/0! | P17: 0.246
D18: =C18-B18 -> 0 | E18: =(H18*15)+(I18*24) -> 0 | K18: =H18*15 -> 0 | L18: =I18*24 -> 0 | N18: =(I18*24/15)+H18 -> 0 | O18: =+N18/M18 -> #DIV/0! | P18: 0
D19: =C19-B19 -> 0 | E19: =(H19*15)+(I19*24) -> 0 | K19: =H19*15 -> 0 | L19: =I19*24 -> 0 | N19: =(I19*24/15)+H19 -> 0 | O19: =+N19/M19 -> #DIV/0! | P19: =+F19*0.003 -> 0
A20: 46093 | B20: 0.38194444 | C20: 0.68402778 | D20: =C20-B20 -> 0.30208333 | E20: =(H20*15)+(I20*24) -> 6234 | H20: 150 | I20: 166 | K20: =H20*15 -> 2250 | L20: =I20*24 -> 3984 | N20: =(I20*24/15)+H20 -> 415.6 | O20: =+N20/M20 -> #DIV/0! | P20: =+F20*0.003 -> 0 | Q20: Miguel Mendoza
A21: 46094 | B21: 0.52083333 | C21: 0.59722222 | D21: =C21-B21 -> 0.076388889 | E21: =(H21*15)+(I21*24) -> 2880 | I21: 120 | J21: 100 | K21: =H21*15 -> 0 | L21: =I21*24 -> 2880 | N21: =(I21*24/15)+H21 -> 192 | O21: =+N21/M21 -> #DIV/0! | P21: =+F21*0.003 -> 0 | Q21: Miguel Mendoza
A22: 46095 | B22: 0.36111111 | C22: 0.52083333 | D22: =C22-B22 -> 0.15972222 | E22: =(H22*15)+(I22*24) -> 5325 | H22: 187 | I22: 105 | K22: =H22*15 -> 2805 | L22: =I22*24 -> 2520 | N22: =(I22*24/15)+H22 -> 355 | O22: =+N22/M22 -> #DIV/0! | P22: =+F22*0.003 -> 0 | Q22: Miguel Mendoza
D23: =C23-B23 -> 0 | E23: =(H23*15)+(I23*24) -> 0 | K23: =H23*15 -> 0 | L23: =I23*24 -> 0 | N23: =(I23*24/15)+H23 -> 0 | O23: =+N23/M23 -> #DIV/0! | P23: =+F23*0.003 -> 0 | Q23: Miguel Mendoza
D24: =+C24-B24 -> 0 | E24: =(H24*15)+(I24*24) -> 0 | K24: =H24*15 -> 0 | L24: =I24*24 -> 0 | N24: =(I24*24/15)+H24 -> 0 | O24: =+N24/M24 -> #DIV/0! | P24: =+F24*0.003 -> 0 | Q24: Miguel Mendoza
D25: =+C25-B25 -> 0 | E25: =(H25*15)+(I25*24) -> 0 | K25: =H25*15 -> 0 | L25: =I25*24 -> 0 | N25: =(I25*24/15)+H25 -> 0 | O25: =+N25/M25 -> #DIV/0! | P25: =+F25*0.003 -> 0 | Q25: Miguel Mendoza
D26: =+C26-B26 -> 0 | E26: =(H26*15)+(I26*24) -> 0 | K26: =H26*15 -> 0 | L26: =I26*24 -> 0 | N26: =(I26*24/15)+H26 -> 0 | O26: =+N26/M26 -> #DIV/0! | P26: =+F26*0.003 -> 0
D27: =+C27-B27 -> 0 | E27: =(H27*15)+(I27*24) -> 0 | K27: =H27*15 -> 0 | L27: =I27*24 -> 0 | N27: =(I27*24/15)+H27 -> 0 | O27: =+N27/M27 -> #DIV/0! | P27: =+F27*0.003 -> 0
D28: =+C28-B28 -> 0 | E28: =(H28*15)+(I28*24) -> 0 | K28: =H28*15 -> 0 | L28: =I28*24 -> 0 | N28: =(I28*24/15)+H28 -> 0 | O28: =+N28/M28 -> #DIV/0! | P28: =+F28*0.003 -> 0 | Q28: Miguel Mendoza
D29: =+C29-B29 -> 0 | E29: =(H29*15)+(I29*24) -> 0 | K29: =H29*15 -> 0 | L29: =I29*24 -> 0 | N29: =(I29*24/15)+H29 -> 0 | O29: =+N29/M29 -> #DIV/0! | P29: =+F29*0.003 -> 0 | Q29: Miguel Mendoza
D30: =+C30-B30 -> 0 | E30: =(H30*15)+(I30*24) -> 0 | K30: =H30*15 -> 0 | L30: =I30*24 -> 0 | N30: =(I30*24/15)+H30 -> 0 | O30: =+N30/M30 -> #DIV/0!
D31: =+C31-B31 -> 0 | E31: =(H31*15)+(I31*24) -> 0 | K31: =H31*15 -> 0 | L31: =I31*24 -> 0 | N31: =(I31*24/15)+H31 -> 0 | O31: =+N31/M31 -> #DIV/0! | P31: =+F31*0.003 -> 0 | Q31: Miguel Mendoza
D32: =+C32-B32 -> 0 | E32: =(H32*15)+(I32*24) -> 0 | K32: =H32*15 -> 0 | L32: =I32*24 -> 0 | N32: =(I32*24/15)+H32 -> 0 | O32: =+N32/M32 -> #DIV/0! | P32: =+F32*0.003 -> 0 | Q32: Miguel Mendoza
D33: =+C33-B33 -> 0 | E33: =(H33*15)+(I33*24) -> 0 | K33: =H33*15 -> 0 | L33: =I33*24 -> 0 | N33: =(I33*24/15)+H33 -> 0 | O33: =+N33/M33 -> #DIV/0! | P33: =+F33*0.003 -> 0 | Q33: Miguel Mendoza
D34: =+C34-B34 -> 0 | E34: =(H34*15)+(I34*24) -> 0 | K34: =H34*15 -> 0 | L34: =I34*24 -> 0 | N34: =(I34*24/15)+H34 -> 0 | O34: =+N34/M34 -> #DIV/0! | P34: =+F34*0.003 -> 0 | Q34: Miguel Mendoza
D35: =+C35-B35 -> 0 | E35: =(H35*15)+(I35*24) -> 0 | K35: =H35*15 -> 0 | L35: =I35*24 -> 0 | N35: =(I35*24/15)+H35 -> 0 | O35: =+N35/M35 -> #DIV/0! | P35: =+F35*0.003 -> 0
D36: =+C36-B36 -> 0 | E36: =(H36*15)+(I36*24) -> 0 | K36: =H36*15 -> 0 | L36: =I36*24 -> 0 | N36: =(I36*24/15)+H36 -> 0 | O36: =+N36/M36 -> #DIV/0! | P36: =+F36*0.003 -> 0
D37: =+C37-B37 -> 0 | E37: =(H37*15)+(I37*24) -> 0 | K37: =H37*15 -> 0 | L37: =I37*24 -> 0 | N37: =(I37*24/15)+H37 -> 0 | O37: =+N37/M37 -> #DIV/0! | P37: =+F37*0.003 -> 0
D38: =+C38-B38 -> 0 | E38: =(H38*15)+(I38*24) -> 0 | K38: =H38*15 -> 0 | L38: =I38*24 -> 0 | N38: =(I38*24/15)+H38 -> 0 | O38: =+N38/M38 -> #DIV/0! | P38: =+F38*0.003 -> 0
D39: =+C39-B39 -> 0 | E39: =(H39*15)+(I39*24) -> 0 | K39: =H39*15 -> 0 | L39: =I39*24 -> 0 | N39: =(I39*24/15)+H39 -> 0 | O39: =+N39/M39 -> #DIV/0! | P39: =+F39*0.003 -> 0
D40: =+C40-B40 -> 0 | E40: =(H40*15)+(I40*24) -> 0 | K40: =H40*15 -> 0 | L40: =I40*24 -> 0 | N40: =(I40*24/15)+H40 -> 0 | O40: =+N40/M40 -> #DIV/0! | P40: =+F40*0.003 -> 0
D41: =+C41-B41 -> 0 | E41: =(H41*15)+(I41*24) -> 0 | K41: =H41*15 -> 0 | L41: =I41*24 -> 0 | N41: =(I41*24/15)+H41 -> 0 | O41: =+N41/M41 -> #DIV/0! | P41: =+F41*0.003 -> 0
D42: =+C42-B42 -> 0 | E42: =(H42*15)+(I42*24) -> 0 | K42: =H42*15 -> 0 | L42: =I42*24 -> 0 | N42: =(I42*24/15)+H42 -> 0 | O42: =+N42/M42 -> #DIV/0! | P42: =+F42*0.003 -> 0
D43: =+C43-B43 -> 0 | E43: =(H43*15)+(I43*24) -> 0 | K43: =H43*15 -> 0 | L43: =I43*24 -> 0 | N43: =(I43*24/15)+H43 -> 0 | O43: =+N43/M43 -> #DIV/0! | P43: 0
D44: =+C44-B44 -> 0 | E44: =(H44*15)+(I44*24) -> 0 | K44: =H44*15 -> 0 | L44: =I44*24 -> 0 | N44: =(I44*24/15)+H44 -> 0 | O44: =+N44/M44 -> #DIV/0! | P44: 0.246
D45: =+C45-B45 -> 0 | E45: =(H45*15)+(I45*24) -> 0 | K45: =H45*15 -> 0 | L45: =I45*24 -> 0 | N45: =(I45*24/15)+H45 -> 0 | O45: =+N45/M45 -> #DIV/0! | P45: 0
D46: =+C46-B46 -> 0 | E46: =(H46*15)+(I46*24) -> 0 | K46: =H46*15 -> 0 | L46: =I46*24 -> 0 | N46: =(I46*24/15)+H46 -> 0 | O46: =+N46/M46 -> #DIV/0! | P46: =+F46*0.003 -> 0
D47: =+C47-B47 -> 0 | E47: =(H47*15)+(I47*24) -> 0 | K47: =H47*15 -> 0 | L47: =I47*24 -> 0 | N47: =(I47*24/15)+H47 -> 0 | O47: =+N47/M47 -> #DIV/0! | P47: =+F47*0.003 -> 0
D48: =+C48-B48 -> 0 | E48: =(H48*15)+(I48*24) -> 0 | K48: =H48*15 -> 0 | L48: =I48*24 -> 0 | N48: =(I48*24/15)+H48 -> 0 | O48: =+N48/M48 -> #DIV/0! | P48: =+F48*0.003 -> 0
D49: =+C49-B49 -> 0 | E49: =(H49*15)+(I49*24) -> 0 | K49: =H49*15 -> 0 | L49: =I49*24 -> 0 | N49: =(I49*24/15)+H49 -> 0 | O49: =+N49/M49 -> #DIV/0! | P49: =+F49*0.003 -> 0
D50: =+C50-B50 -> 0 | E50: =(H50*15)+(I50*24) -> 0 | K50: =H50*15 -> 0 | L50: =I50*24 -> 0 | N50: =(I50*24/15)+H50 -> 0 | O50: =+N50/M50 -> #DIV/0! | P50: =+F50*0.003 -> 0
D51: =+C51-B51 -> 0 | E51: =(H51*15)+(I51*24) -> 0 | K51: =H51*15 -> 0 | L51: =I51*24 -> 0 | N51: =(I51*24/15)+H51 -> 0 | O51: =+N51/M51 -> #DIV/0! | P51: =+F51*0.003 -> 0
D52: =+C52-B52 -> 0 | E52: =(H52*15)+(I52*24) -> 0 | L52: =I52*24 -> 0 | N52: =(I52*24/15)+H52 -> 0 | O52: =+N52/M52 -> #DIV/0! | P52: =+F52*0.003 -> 0
D53: =+C53-B53 -> 0 | E53: =(H53*15)+(I53*24) -> 0 | F53: =G53-E53 -> 0 | K53: =H53*15 -> 0 | L53: =I53*24 -> 0 | N53: =(I53*24/15)+H53 -> 0 | O53: =+N53/M53 -> #DIV/0! | P53: =+F53*0.003 -> 0
D54: =+C54-B54 -> 0 | E54: =(H54*15)+(I54*24) -> 0 | F54: =G54-E54 -> 0 | K54: =H54*15 -> 0 | L54: =I54*24 -> 0 | N54: =(I54*24/15)+H54 -> 0 | O54: =+N54/M54 -> #DIV/0! | P54: =+F54*0.003 -> 0
D55: =+C55-B55 -> 0 | E55: =(H55*15)+(I55*24) -> 0 | F55: =G55-E55 -> 0 | K55: =H55*15 -> 0 | L55: =I55*24 -> 0 | N55: =(I55*24/15)+H55 -> 0 | O55: =+N55/M55 -> #DIV/0! | P55: =+F55*0.003 -> 0
D56: =+C56-B56 -> 0 | E56: =(H56*15)+(I56*24) -> 0 | F56: =G56-E56 -> 0 | K56: =H56*15 -> 0 | L56: =I56*24 -> 0 | N56: =(I56*24/15)+H56 -> 0 | O56: =+N56/M56 -> #DIV/0! | P56: =+F56*0.003 -> 0
D57: =+C57-B57 -> 0 | E57: =(H57*15)+(I57*24) -> 0 | F57: =G57-E57 -> 0 | K57: =H57*15 -> 0 | L57: =I57*24 -> 0 | N57: =(I57*24/15)+H57 -> 0 | O57: =+N57/M57 -> #DIV/0! | P57: =+F57*0.003 -> 0
D58: =+C58-B58 -> 0 | E58: =(H58*15)+(I58*24) -> 0 | F58: =G58-E58 -> 0 | K58: =H58*15 -> 0 | L58: =I58*24 -> 0 | N58: =(I58*24/15)+H58 -> 0 | O58: =+N58/M58 -> #DIV/0! | P58: =+F58*0.003 -> 0
E59: =(H59*15)+(I59*24) -> 0 | F59: =G59-E59 -> 0 | K59: =H59*15 -> 0 | L59: =I59*24 -> 0 | N59: =(I59*24/15)+H59 -> 0 | O59: =+N59/M59 -> #DIV/0! | P59: =+F59*0.003 -> 0
E60: =(H60*15)+(I60*24) -> 0 | F60: =G60-E60 -> 0 | K60: =H60*15 -> 0 | L60: =I60*24 -> 0 | N60: =(I60*24/15)+H60 -> 0 | O60: =+N60/M60 -> #DIV/0! | P60: =+F60*0.003 -> 0
E61: =H61*15+I61*24 -> 0 | K61: =H61*15 -> 0 | L61: =I61*24 -> 0 | N61: =(I61*24/15)+H61 -> 0 | O61: =+N61/M61 -> #DIV/0! | P61: =+F61*0.003 -> 0
E62: =H62*15+I62*24 -> 0 | K62: =H62*15 -> 0 | L62: =I62*24 -> 0 | N62: =(I62*24/15)+H62 -> 0 | O62: =+N62/M62 -> #DIV/0! | P62: =+F62*0.003 -> 0
E63: =H63*15+I63*24 -> 0 | K63: =H63*15 -> 0 | L63: =I63*24 -> 0 | N63: =(I63*24/15)+H63 -> 0 | O63: =+N63/M63 -> #DIV/0! | P63: =+F63*0.003 -> 0
K64: =H64*15 -> 0 | L64: =I64*24 -> 0 | N64: =(I64*24/15)+H64 -> 0 | O64: =+N64/M64 -> #DIV/0! | P64: =+F64*0.003 -> 0
K65: =H65*15 -> 0 | L65: =I65*24 -> 0 | N65: =(I65*24/15)+H65 -> 0 | O65: =+N65/M65 -> #DIV/0! | P65: =+F65*0.003 -> 0
K66: =H66*15 -> 0 | L66: =I66*24 -> 0 | N66: =(I66*24/15)+H66 -> 0 | O66: =+N66/M66 -> #DIV/0! | P66: =+F66*0.003 -> 0
K67: =H67*15 -> 0 | L67: =I67*24 -> 0 | N67: =(I67*24/15)+H67 -> 0 | O67: =+N67/M67 -> #DIV/0! | P67: =+F67*0.003 -> 0
K171: =+H171 -> 0
D172: UNIDADES DESPERDICIADAS | F172: =SUM(F7:F33) -> 0
D173: PACAS *15 | F173: =F172/15 -> 0

Sheet GRIS
A1: COMPAÑÍA OPITA DE FRIO SAS | E1: GRIS
A2: CONTROL DE TIEMPO DE PRODUCCION
A3: LINEA TUBULAR
B4: TIEMPO HORARICA | E4: CONTROL HOROMETRO | H4: PRODUCTOS | P4: OBSERVACIONES
A5: FECHA | B5: HORA INICIO | C5: HORA FIN | D5: TIEMP PRENDIDA | E5: HOROM INC | F5: HOROM FIN | G5: TIEMP PROD | H5: 1,5KG | I5: BOLSA 3KG | J5: ARROBA FINA | K5: BOLSA 7 KG | L5: BOLSA 15 KG | M5: BTO 25 KG | N5: KILOS PROD | O5: PROD POR | P5: AYUDANTE | Q5: OBSERVACION
H6: 1.5 | I6: 3 | J6: 14 | K6: 7 | L6: 15 | M6: 25 | O6: HORA
A7: 46082 | B7: 0.28472222 | C7: 0.73611111 | D7: =1+C7-B7 -> 1.4513889 | E7: 2336532 | F7: 2337679 | G7: =(F7-E7)/100 -> 11.47 | M7: 174 | N7: =+(($H$6*H7)+($J$6*J7)+($K$6*K7)+($L$6*L7)+($M$6*M7)+(I7*3)) -> 4350 | O7: =N7/G7 -> 379.25022 | P7: Daniel Garcia | Q7: se apaga maquinaria 30 min por najo
A8: 46082 | B8: 0.75694444 | C8: 0.24444444 | D8: =1+C8-B8 -> 0.4875 | E8: =F7 -> 2337679 | F8: 2338900 | G8: =(F8-E8)/100 -> 12.21 | M8: 192 | N8: =+(($H$6*H8)+($J$6*J8)+($K$6*K8)+($L$6*L8)+($M$6*M8)+(I8*3)) -> 4800 | O8: =N8/G8 -> 393.12039 | P8: Michell Romero
A9: 46083 | B9: 0.26111111 | C9: 0.56944444 | D9: =1+C9-B9 -> 1.3083333 | E9: =F8 -> 2338900 | F9: 2339712 | G9: =(F9-E9)/100 -> 8.12 | M9: 115 | N9: =+(($H$6*H9)+($J$6*J9)+($K$6*K9)+($L$6*L9)+($M$6*M9)+(I9*3)) -> 2875 | O9: =N9/G9 -> 354.06404 | P9: yeison
A10: 46083 | B10: 0.58680556 | C10: 0.73402778 | D10: =1+C10-B10 -> 1.1472222 | E10: =F9 -> 2339712 | F10: 2340065 | G10: =(F10-E10)/100 -> 3.53 | M10: 24 | N10: =+(($H$6*H10)+($J$6*J10)+($K$6*K10)+($L$6*L10)+($M$6*M10)+(I10*3)) -> 600 | O10: =N10/G10 -> 169.97167 | P10: quejada diego
A11: 46083 | B11: 0.76388889 | C11: 0.90347222 | D11: =1+C11-B11 -> 1.1395833 | E11: =F10 -> 2340065 | F11: 2340432 | G11: =(F11-E11)/100 -> 3.67 | M11: 64 | N11: =+(($H$6*H11)+($J$6*J11)+($K$6*K11)+($L$6*L11)+($M$6*M11)+(I11*3)) -> 1600 | O11: =N11/G11 -> 435.9673 | P11: david | R11: f
A12: 46083 | B12: 0.91875 | C12: 0.23263889 | D12: =1+C12-B12 -> 0.31388889 | E12: =F11 -> 2340432 | F12: 2341285 | G12: 8 | M12: 126 | N12: =+(($H$6*H12)+($J$6*J12)+($K$6*K12)+($L$6*L12)+($M$6*M12)+(I12*3)) -> 3150 | O12: =N12/G12 -> 393.75 | P12: Michell Romero
A13: 46084 | B13: 0.25833333 | C13: 0.57777778 | D13: =1+C13-B13 -> 1.3194444 | E13: =F12 -> 2341285 | F13: 2342017 | G13: =(F13-E13)/100 -> 7.32 | J13: 53 | M13: 84 | N13: =+(($H$6*H13)+($J$6*J13)+($K$6*K13)+($L$6*L13)+($M$6*M13)+(I13*3)) -> 2842 | O13: =N13/G13 -> 388.25137 | P13: luis torres
A14: 46084 | B14: 0.59375 | C14: 0.7375 | D14: =1+C14-B14 -> 1.14375 | E14: =F13 -> 2342017 | F14: 2342401 | G14: 8 | M14: 54 | N14: =+(($H$6*H14)+($J$6*J14)+($K$6*K14)+($L$6*L14)+($M$6*M14)+(I14*3)) -> 1350 | O14: =N14/G14 -> 168.75 | P14: quejada diego
A15: 46084 | B15: 0.76111111 | C15: 0.90277778 | D15: =1+C15-B15 -> 1.1416667 | E15: =F14 -> 2342401 | F15: 2342794 | G15: 8 | M15: 58 | N15: =+(($H$6*H15)+($J$6*J15)+($K$6*K15)+($L$6*L15)+($M$6*M15)+(I15*3)) -> 1450 | O15: =N15/G15 -> 181.25 | P15: James Quintero
A16: 46084 | B16: 0.92708333 | C16: 0.23611111 | D16: =1+C16-B16 -> 0.30902778 | E16: =F15 -> 2342794 | F16: 2343602 | G16: =(F16-E16)/100 -> 8.08 | L16: 50 | M16: =71+28 -> 99 | N16: =+(($H$6*H16)+($J$6*J16)+($K$6*K16)+($L$6*L16)+($M$6*M16)+(I16*3)) -> 3225 | O16: =N16/G16 -> 399.13366 | P16: Michell Romero
A17: 46085 | B17: 0.27708333 | C17: 0.57361111 | D17: =1+C17-B17 -> 1.2965278 | E17: =F16 -> 2343602 | F17: 2344417 | G17: =(F17-E17)/100 -> 8.15 | M17: 119 | N17: =+(($H$6*H17)+($J$6*J17)+($K$6*K17)+($L$6*L17)+($M$6*M17)+(I17*3)) -> 2975 | O17: =N17/G17 -> 365.03067 | P17: Michell Romero
A18: 46085 | B18: 0.58333333 | C18: 0.74305556 | D18: =1+C18-B18 -> 1.1597222 | E18: =F17 -> 2344417 | F18: 2344836 | G18: =(F18-E18)/100 -> 4.19 | M18: 60 | N18: =+(($H$6*H18)+($J$6*J18)+($K$6*K18)+($L$6*L18)+($M$6*M18)+(I18*3)) -> 1500 | O18: =N18/G18 -> 357.99523 | P18: quejada diego
A19: 46085 | B19: 0.76319444 | C19: 0.90972222 | D19: =1+C19-B19 -> 1.1465278 | E19: =F18 -> 2344836 | F19: 2345202 | G19: =(F19-E19)/100 -> 3.66 | M19: 55 | N19: =+(($H$6*H19)+($J$6*J19)+($K$6*K19)+($L$6*L19)+($M$6*M19)+(I19*3)) -> 1375 | O19: =N19/G19 -> 375.68306 | P19: James Quintero
A20: 46085 | B20: 0.95486111 | C20: 0.24097222 | D20: =1+C20-B20 -> 0.28611111 | E20: =F19 -> 2345202 | F20: 2345938 | G20: =(F20-E20)/100 -> 7.36 | M20: =91+27 -> 118 | N20: =+(($H$6*H20)+($J$6*J20)+($K$6*K20)+($L$6*L20)+($M$6*M20)+(I20*3)) -> 2950 | O20: =N20/G20 -> 400.81522 | P20: Michell Romero
A21: 46086 | B21: 0.25902778 | C21: 0.57638889 | D21: =1+C21-B21 -> 1.3173611 | E21: =F20 -> 2345938 | F21: 2346222 | G21: =(F21-E21)/100 -> 2.84 | J21: 50 | M21: 96 | N21: =+(($H$6*H21)+($J$6*J21)+($K$6*K21)+($L$6*L21)+($M$6*M21)+(I21*3)) -> 3100 | O21: =N21/G21 -> 1091.5493 | P21: yeison
A22: 46086 | B22: 0.59375 | C22: 0.73611111 | D22: =1+C22-B22 -> 1.1423611 | E22: 2346714 | F22: 2347119 | G22: =(F22-E22)/100 -> 4.05 | M22: 59 | N22: =+(($H$6*H22)+($J$6*J22)+($K$6*K22)+($L$6*L22)+($M$6*M22)+(I22*3)) -> 1475 | O22: =N22/G22 -> 364.19753 | P22: quejada diego
A23: 46086 | B23: 0.75347222 | C23: 0.90138889 | D23: =1+C23-B23 -> 1.1479167 | E23: =F22 -> 2347119 | F23: 2347495 | G23: =(F23-E23)/100 -> 3.76 | I23: 200 | M23: 33 | N23: =+(($H$6*H23)+($J$6*J23)+($K$6*K23)+($L$6*L23)+($M$6*M23)+(I23*3)) -> 1425 | O23: =N23/G23 -> 378.98936 | P23: david
A24: 46086 | B24: 0.92708333 | C24: 0.24166667 | D24: =1+C24-B24 -> 0.31458333 | E24: =F23 -> 2347495 | F24: 2348320 | G24: =(F24-E24)/100 -> 8.25 | I24: 198 | M24: 104 | N24: =+(($H$6*H24)+($J$6*J24)+($K$6*K24)+($L$6*L24)+($M$6*M24)+(I24*3)) -> 3194 | O24: =N24/G24 -> 387.15152 | P24: Michell Romero
A25: 46087 | B25: 0.25902778 | C25: 0.56458333 | D25: =1+C25-B25 -> 1.3055556 | E25: =F24 -> 2348320 | F25: 2349123 | G25: =(F25-E25)/100 -> 8.03 | L25: 92 | M25: =28+35 -> 63 | N25: =+(($H$6*H25)+($J$6*J25)+($K$6*K25)+($L$6*L25)+($M$6*M25)+(I25*3)) -> 2955 | O25: =N25/G25 -> 367.99502 | P25: yeison
A26: 46087 | B26: 0.58611111 | C26: 0.74722222 | D26: =1+C26-B26 -> 1.1611111 | E26: =F25 -> 2349123 | F26: 2349530 | G26: =(F26-E26)/100 -> 4.07 | L26: 118 | N26: =+(($H$6*H26)+($J$6*J26)+($K$6*K26)+($L$6*L26)+($M$6*M26)+(I26*3)) -> 1770 | O26: =N26/G26 -> 434.88943 | P26: quejada diego
A27: 46087 | B27: 0.76597222 | C27: 0.90277778 | D27: =1+C27-B27 -> 1.1368056 | E27: =F26 -> 2349530 | F27: 2349895 | G27: 3 | J27: 50 | M27: 32 | N27: =+(($H$6*H27)+($J$6*J27)+($K$6*K27)+($L$6*L27)+($M$6*M27)+(I27*3)) -> 1500 | O27: =N27/G27 -> 500 | P27: quejada diego
A28: 46087 | B28: 0.94097222 | C28: 0.23263889 | D28: =1+C28-B28 -> 0.29166667 | E28: =F27 -> 2349895 | F28: 2350694 | G28: =(F28-E28)/100 -> 7.99 | L28: 95 | M28: 70 | N28: =+(($H$6*H28)+($J$6*J28)+($K$6*K28)+($L$6*L28)+($M$6*M28)+(I28*3)) -> 3175 | O28: =N28/G28 -> 397.37171 | P28: Michell Romero
A29: 46088 | B29: 0.25 | C29: 0.57430556 | D29: =1+C29-B29 -> 1.3243056 | E29: =F28 -> 2350694 | F29: 2351285 | G29: =(F29-E29)/100 -> 5.91 | K29: 20 | L29: 76 | M29: 30 | N29: =+(($H$6*H29)+($J$6*J29)+($K$6*K29)+($L$6*L29)+(13*M29)+(I29*3)) -> 1670 | O29: =N29/G29 -> 282.57191 | P29: quejada diego | Q29: se tiene apagada maquinaria 2 hoas y 38 minutos
A30: 46088 | B30: 0.59375 | C30: 0.73958333 | D30: =1+C30-B30 -> 1.1458333 | E30: =F29 -> 2351285 | F30: 2351684 | G30: =(F30-E30)/100 -> 3.99 | K30: 126 | M30: 20 | N30: =+(($H$6*H30)+($J$6*J30)+($K$6*K30)+($L$6*L30)+($M$6*M30)+(I30*3)) -> 1382 | O30: =N30/G30 -> 346.36591 | P30: yeison
A31: 46088 | B31: 0.75486111 | C31: 0.90277778 | D31: =1+C31-B31 -> 1.1479167 | E31: =F30 -> 2351684 | F31: 2352045 | G31: =(F31-E31)/100 -> 3.61 | M31: 67 | N31: =+(($H$6*H31)+($J$6*J31)+($K$6*K31)+($L$6*L31)+($M$6*M31)+(I31*3)) -> 1675 | O31: =N31/G31 -> 463.98892 | P31: david
A32: 46088 | B32: 0.92361111 | C32: 0.24375 | D32: =1+C32-B32 -> 0.32013889 | E32: =F31 -> 2352045 | F32: 2352875 | G32: =(F32-E32)/100 -> 8.3 | M32: 133 | N32: =+(($H$6*H32)+($J$6*J32)+($K$6*K32)+($L$6*L32)+($M$6*M32)+(I32*3)) -> 3325 | O32: =N32/G32 -> 400.60241 | P32: Michell Romero
A33: 46089 | B33: 0.26458333 | C33: 0.67361111 | D33: =1+C33-B33 -> 1.4090278 | E33: =F32 -> 2352875 | F33: 2353896 | G33: =(F33-E33)/100 -> 10.21 | J33: 50 | M33: 122 | N33: =+(($H$6*H33)+($J$6*J33)+($K$6*K33)+($L$6*L33)+($M$6*M33)+(I33*3)) -> 3750 | O33: =N33/G33 -> 367.28697 | P33: quejada diego
A34: 46089 | B34: 0.048611111 | C34: 0.23611111 | D34: =1+C34-B34 -> 1.1875 | E34: =F33 -> 2353896 | F34: 2354425 | G34: =(F34-E34)/100 -> 5.29 | M34: 83 | N34: =+(($H$6*H34)+($J$6*J34)+($K$6*K34)+($L$6*L34)+($M$6*M34)+(I34*3)) -> 2075 | O34: =N34/G34 -> 392.24953 | P34: david
A35: 46090 | B35: 0.25625 | C35: 0.57291667 | D35: =1+C35-B35 -> 1.3166667 | E35: =F34 -> 2354425 | F35: 2355193 | G35: =(F35-E35)/100 -> 7.68 | M35: 116 | N35: =+(($H$6*H35)+($J$6*J35)+($K$6*K35)+($L$6*L35)+($M$6*M35)+(I35*3)) -> 2900 | O35: =N35/G35 -> 377.60417 | P35: Andres Tinoco | Q35: se apaga maquinaria 30 min por lavado
A36: 46090 | B36: 0.58611111 | C36: 0.74583333 | D36: =1+C36-B36 -> 1.1597222 | E36: =F35 -> 2355193 | F36: 2355652 | G36: =(F36-E36)/100 -> 4.59 | M36: =39+11+13 -> 63 | N36: =+(($H$6*H36)+($J$6*J36)+($K$6*K36)+($L$6*L36)+($M$6*M36)+(I36*3)) -> 1575 | O36: =N36/G36 -> 343.13725 | P36: luis torres
A37: 46090 | B37: 0.76388889 | C37: 0.90625 | D37: =1+C37-B37 -> 1.1423611 | E37: =F36 -> 2355652 | F37: 2355996 | G37: =(F37-E37)/100 -> 3.44 | M37: 60 | N37: =+(($H$6*H37)+($J$6*J37)+($K$6*K37)+($L$6*L37)+($M$6*M37)+(I37*3)) -> 1500 | O37: =N37/G37 -> 436.04651 | P37: da
A38: 46090 | B38: 0.94444444 | C38: 0.23611111 | D38: =1+C38-B38 -> 0.29166667 | E38: =F37 -> 2355996 | F38: 2356783 | G38: =(F38-E38)/100 -> 7.87 | M38: 126 | N38: =+(($H$6*H38)+($J$6*J38)+($K$6*K38)+($L$6*L38)+($M$6*M38)+(I38*3)) -> 3150 | O38: =N38/G38 -> 400.25413 | P38: david
A39: 46091 | B39: 0.25555556 | C39: 0.57638889 | D39: =1+C39-B39 -> 1.3208333 | E39: =F38 -> 2356783 | F39: 2357612 | G39: =(F39-E39)/100 -> 8.29 | M39: =103+27 -> 130 | N39: =+(($H$6*H39)+($J$6*J39)+($K$6*K39)+($L$6*L39)+($M$6*M39)+(I39*3)) -> 3250 | O39: =N39/G39 -> 392.0386 | P39: Andres Tinoco
A40: 46091 | B40: 0.59861111 | C40: 0.74444444 | D40: =1+C40-B40 -> 1.1458333 | E40: =F39 -> 2357612 | F40: 2358010 | G40: =(F40-E40)/100 -> 3.98 | M40: 58 | N40: =+(($H$6*H40)+($J$6*J40)+($K$6*K40)+($L$6*L40)+($M$6*M40)+(I40*3)) -> 1450 | O40: =N40/G40 -> 364.32161 | P40: Andres Tinoco
A41: 46091 | B41: 0.75972222 | C41: 0.88611111 | D41: =1+C41-B41 -> 1.1263889 | E41: =F40 -> 2358010 | F41: 2358415 | G41: =(F41-E41)/100 -> 4.05 | J41: 50 | M41: 42 | N41: =+(($H$6*H41)+($J$6*J41)+($K$6*K41)+($L$6*L41)+($M$6*M41)+(I41*3)) -> 1750 | O41: =N41/G41 -> 432.09877 | P41: Michell Romero
A42: 46091 | B42: 0.95833333 | C42: 0.23958333 | D42: =1+C42-B42 -> 0.28125 | E42: =F41 -> 2358415 | F42: 2359197 | G42: =(F42-E42)/100 -> 7.82 | M42: 122 | N42: =+(($H$6*H42)+($J$6*J42)+($K$6*K42)+($L$6*L42)+($M$6*M42)+(I42*3)) -> 3050 | O42: =N42/G42 -> 390.02558 | P42: david
A43: 46092 | B43: 0.25833333 | C43: 0.54722222 | D43: =1+C43-B43 -> 1.2888889 | E43: =F42 -> 2359197 | F43: 2359902 | G43: =(F43-E43)/100 -> 7.05 | M43: =77+27 -> 104 | N43: =+(($H$6*H43)+($J$6*J43)+($K$6*K43)+($L$6*L43)+($M$6*M43)+(I43*3)) -> 2600 | O43: =N43/G43 -> 368.79433 | P43: Michell Romero | Q43: se apaga maquianria 1 hora
A44: 46092 | B44: 0.62986111 | C44: 0.74305556 | D44: =1+C44-B44 -> 1.1131944 | E44: =F43 -> 2359902 | F44: 2360205 | G44: =(F44-E44)/100 -> 3.03 | M44: 48 | N44: =+(($H$6*H44)+($J$6*J44)+($K$6*K44)+($L$6*L44)+($M$6*M44)+(I44*3)) -> 1200 | O44: =N44/G44 -> 396.0396 | P44: James Quintero
A45: 46092 | B45: 0.75694444 | C45: 0.91666667 | D45: =1+C45-B45 -> 1.1597222 | E45: =F44 -> 2360205 | F45: 2360625 | G45: =(F45-E45)/100 -> 4.2 | M45: 69 | N45: =+(($H$6*H45)+($J$6*J45)+($K$6*K45)+($L$6*L45)+($M$6*M45)+(I45*3)) -> 1725 | O45: =N45/G45 -> 410.71429 | P45: James Quintero
A46: 46092 | B46: 0.93402778 | C46: 0.23958333 | D46: =1+C46-B46 -> 0.30555556 | E46: =F45 -> 2360625 | F46: 2361401 | G46: =(F46-E46)/100 -> 7.76 | M46: 129 | N46: =+(($H$6*H46)+($J$6*J46)+($K$6*K46)+($L$6*L46)+($M$6*M46)+(I46*3)) -> 3225 | O46: =N46/G46 -> 415.59278 | P46: david
A47: 46093 | B47: 0.26041667 | C47: 0.49583333 | D47: =1+C47-B47 -> 1.2354167 | E47: =F46 -> 2361401 | F47: 2361839 | G47: =(F47-E47)/100 -> 4.38 | M47: 69 | N47: =+(($H$6*H47)+($J$6*J47)+($K$6*K47)+($L$6*L47)+($M$6*M47)+(I47*3)) -> 1725 | O47: =N47/G47 -> 393.83562 | P47: Michell Romero
A48: 46093 | B48: 0.5625 | C48: 0.57986111 | D48: =1+C48-B48 -> 1.0173611 | E48: =F47 -> 2361839 | F48: 2361930 | G48: =(F48-E48)/100 -> 0.91 | M48: 12 | N48: =+(($H$6*H48)+($J$6*J48)+($K$6*K48)+($L$6*L48)+($M$6*M48)+(I48*3)) -> 300 | O48: =N48/G48 -> 329.67033 | P48: yinso novoa
A49: 46093 | B49: 0.60277778 | C49: 0.75555556 | D49: =1+'TUBULAR VERDE'!C47-'TUBULAR VERDE'!B47 -> 1.1298611 | E49: =F48 -> 2361930 | F49: 2362342 | G49: =(F49-E49)/100 -> 4.12 | H49: < | M49: 45 | N49: =+(($H$6*H49)+($J$6*J49)+($K$6*K49)+($L$6*L49)+($M$6*M49)+(I49*3)) -> #VALUE! | O49: =+N49/G49 -> #VALUE! | P49: oscar andres
A50: 46093 | B50: 0.76111111 | C50: 0.90416667 | D50: =1+C50-B50 -> 1.1430556 | E50: =F49 -> 2362342 | F50: 2362701 | G50: =(F50-E50)/100 -> 3.59 | J50: 17 | M50: 56 | N50: =+(($H$6*H50)+($J$6*J50)+($K$6*K50)+($L$6*L50)+($M$6*M50)+(I50*3)) -> 1638 | O50: =+N50/G50 -> 456.26741 | P50: James Quintero
A51: 46093 | B51: 0.92361111 | C51: 0.23958333 | D51: =1+C51-B51 -> 0.31597222 | E51: =F50 -> 2362701 | F51: 2363506 | G51: =(F51-E51)/100 -> 8.05 | M51: 133 | N51: =+(($H$6*H51)+($J$6*J51)+($K$6*K51)+($L$6*L51)+($M$6*M51)+(I51*3)) -> 3325 | O51: =+N51/G51 -> 413.04348 | P51: david
A52: 46094 | B52: 0.26388889 | C52: 0.56944444 | D52: =1+C52-B52 -> 1.3055556 | E52: =F51 -> 2363506 | F52: 2364330 | G52: 4 | M52: 124 | N52: =+(($H$6*H52)+($J$6*J52)+($K$6*K52)+($L$6*L52)+($M$6*M52)+(I52*3)) -> 3100 | O52: =+N52/G52 -> 775 | P52: Michell Romero
A53: 46094 | B53: 0.58611111 | C53: 0.74861111 | D53: =1+C53-B53 -> 1.1625 | E53: =F52 -> 2364330 | F53: 2364730 | G53: =(F53-E53)/100 -> 4 | M53: 65 | N53: =+(($H$6*H53)+($J$6*J53)+($K$6*K53)+($L$6*L53)+($M$6*M53)+(I53*3)) -> 1625 | O53: =+N53/G53 -> 406.25 | P53: Andres Tinoco | R53: HOL
A54: 46094 | B54: 0.76666667 | C54: 0.90277778 | D54: =1+C54-B54 -> 1.1361111 | E54: =F53 -> 2364730 | F54: 2365037 | G54: =(F54-E54)/100 -> 3.07 | M54: 49 | N54: =+(($H$6*H54)+($J$6*J54)+($K$6*K54)+($L$6*L54)+($M$6*M54)+(I54*3)) -> 1225 | O54: =+N54/G54 -> 399.0228 | P54: Andres Tinoco | Q54: se apaga 40 min por agua turbia
A55: 46094 | B55: 0.91666667 | C55: 0.23611111 | D55: =1+C55-B55 -> 0.31944444 | E55: =F54 -> 2365037 | F55: 2365835 | G55: =(F55-E55)/100 -> 7.98 | M55: 136 | N55: =+(($H$6*H55)+($J$6*J55)+($K$6*K55)+($L$6*L55)+($M$6*M55)+(I55*3)) -> 3400 | O55: =+N55/G55 -> 426.06516 | P55: david
A56: 46095 | B56: 0.25833333 | C56: 0.56944444 | D56: =1+C56-B56 -> 1.3111111 | E56: =F55 -> 2365835 | F56: 2366611 | G56: =(F56-E56)/100 -> 7.76 | H56: 10 | L56: 110 | M56: 50 | N56: =+(($H$6*H56)+($J$6*J56)+($K$6*K56)+($L$6*L56)+($M$6*M56)+(I56*3)) -> 2915 | O56: =+N56/G56 -> 375.64433 | P56: Michell Romero
A57: 46095 | B57: 0.60416667 | C57: 0.75 | D57: =1+C57-B57 -> 1.1458333 | E57: =F56 -> 2366611 | F57: 2367022 | G57: =(F57-E57)/100 -> 4.11 | L57: 109 | N57: =+(($H$6*H57)+($J$6*J57)+($K$6*K57)+($L$6*L57)+($M$6*M57)+(I57*3)) -> 1635 | O57: =N57/G57 -> 397.81022 | P57: James Quintero
A58: 46095 | B58: 0.76944444 | C58: 0.90972222 | D58: =1+C58-B58 -> 1.1402778 | E58: =F57 -> 2367022 | F58: 2367409 | G58: =(F58-E58)/100 -> 3.87 | M58: 63 | N58: =+(($H$6*H58)+($J$6*J58)+($K$6*K58)+($L$6*L58)+($M$6*M58)+(I58*3)) -> 1575 | O58: =N58/G58 -> 406.97674 | P58: oscar andres
A59: 46095 | B59: 0.92013889 | C59: 0.23958333 | D59: =1+C59-B59 -> 0.31944444 | E59: =F58 -> 2367409 | F59: 2368196 | G59: =(F59-E59)/100 -> 7.87 | M59: 132 | N59: =+(($H$6*H59)+($J$6*J59)+($K$6*K59)+($L$6*L59)+($M$6*M59)+(I59*3)) -> 3300 | O59: =N59/G59 -> 419.31385 | P59: david
D60: =1+C60-B60 -> 1 | E60: =F59 -> 2368196 | G60: =(F60-E60)/100 -> -23681.96 | N60: =+(($H$6*H60)+($J$6*J60)+($K$6*K60)+($L$6*L60)+($M$6*M60)+(I60*3)) -> 0 | O60: =N60/G60 -> 0 | P60: Humberto Vasquez
D61: =1+C61-B61 -> 1 | E61: =F60 -> 0 | G61: =(F61-E61)/100 -> 0 | N61: =+(($H$6*H61)+($J$6*J61)+($K$6*K61)+($L$6*L61)+($M$6*M61)+(I61*3)) -> 0 | O61: =N61/G61 -> #DIV/0! | P61: James Quintero
D62: =1+C62-B62 -> 1 | E62: =F61 -> 0 | G62: =(F62-E62)/100 -> 0 | N62: =+(($H$6*H62)+($J$6*J62)+($K$6*K62)+($L$6*L62)+($M$6*M62)+(I62*3)) -> 0 | O62: =N62/G62 -> #DIV/0! | P62: Jose David Cedeño
D63: =1+C63-B63 -> 1 | E63: =F62 -> 0 | G63: =(F63-E63)/100 -> 0 | N63: =+(($H$6*H63)+($J$6*J63)+($K$6*K63)+($L$6*L63)+($M$6*M63)+(I63*3)) -> 0 | O63: =N63/G63 -> #DIV/0! | P63: Michell Romero
D64: =1+C64-B64 -> 1 | E64: =F63 -> 0 | G64: =(F64-E64)/100 -> 0 | N64: =+(($H$6*H64)+($J$6*J64)+($K$6*K64)+($L$6*L64)+($M$6*M64)+(I64*3)) -> 0 | O64: =N64/G64 -> #DIV/0! | P64: oscar andres
D65: =1+C65-B65 -> 1 | E65: =F64 -> 0 | G65: =(F65-E65)/100 -> 0 | N65: =+(($H$6*H65)+($J$6*J65)+($K$6*K65)+($L$6*L65)+($M$6*M65)+(I65*3)) -> 0 | O65: =N65/G65 -> #DIV/0! | P65: Humberto Vasquez
D66: =1+C66-B66 -> 1 | E66: =F65 -> 0 | G66: =(F66-E66)/100 -> 0 | N66: =+(($H$6*H66)+($J$6*J66)+($K$6*K66)+($L$6*L66)+($M$6*M66)+(I66*3)) -> 0 | O66: =N66/G66 -> #DIV/0! | P66: James Quintero
D67: =1+C67-B67 -> 1 | E67: =F66 -> 0 | G67: =(F67-E67)/100 -> 0 | N67: =+(($H$6*H67)+($J$6*J67)+($K$6*K67)+($L$6*L67)+($M$6*M67)+(I67*3)) -> 0 | O67: =N67/G67 -> #DIV/0! | P67: david
D68: =1+C68-B68 -> 1 | E68: =F67 -> 0 | G68: =(F68-E68)/100 -> 0 | N68: =+(($H$6*H68)+($J$6*J68)+($K$6*K68)+($L$6*L68)+($M$6*M68)+(I68*3)) -> 0 | O68: =N68/G68 -> #DIV/0! | P68: Michell Romero
D69: =1+C69-B69 -> 1 | E69: =F68 -> 0 | G69: =(F69-E69)/100 -> 0 | N69: =+(($H$6*H69)+($J$6*J69)+($K$6*K69)+($L$6*L69)+($M$6*M69)+(I69*3)) -> 0 | O69: =+N69/G69 -> #DIV/0! | P69: James Quintero
D70: =1+C70-B70 -> 1 | E70: =F69 -> 0 | G70: =(F70-E70)/100 -> 0 | N70: =+(($H$6*H70)+($J$6*J70)+($K$6*K70)+($L$6*L70)+($M$6*M70)+(I70*3)) -> 0 | O70: =+N70/G70 -> #DIV/0! | P70: James Quintero
D71: =1+C71-B71 -> 1 | E71: =F70 -> 0 | G71: =(F71-E71)/100 -> 0 | N71: =+(($H$6*H71)+($J$6*J71)+($K$6*K71)+($L$6*L71)+($M$6*M71)+(I71*3)) -> 0 | O71: =N71/G71 -> #DIV/0! | P71: david
D72: =1+C72-B72 -> 1 | E72: =F71 -> 0 | G72: 12 | N72: =+(($H$6*H72)+($J$6*J72)+($K$6*K72)+($L$6*L72)+($M$6*M72)+(I72*3)) -> 0 | O72: =N72/G72 -> 0 | P72: luis torres
D73: =1+C73-B73 -> 1 | E73: =F72 -> 0 | G73: =(F73-E73)/100 -> 0 | N73: =+(($H$6*H73)+($J$6*J73)+($K$6*K73)+($L$6*L73)+($M$6*M73)+(I73*3)) -> 0 | O73: =N73/G73 -> #DIV/0! | P73: James Quintero
D74: =1+C74-B74 -> 1 | E74: =F73 -> 0 | G74: =(F74-E74)/100 -> 0 | N74: =+(($H$6*H74)+($J$6*J74)+($K$6*K74)+($L$6*L74)+($M$6*M74)+(I74*3)) -> 0 | O74: =N74/G74 -> #DIV/0! | P74: david
D75: =1+C75-B75 -> 1 | E75: =F74 -> 0 | G75: =(F75-E75)/100 -> 0 | N75: =+(($H$6*H75)+($J$6*J75)+($K$6*K75)+($L$6*L75)+($M$6*M75)+(I75*3)) -> 0 | O75: =N75/G75 -> #DIV/0! | P75: Michell Romero
D76: =1+C76-B76 -> 1 | E76: =F75 -> 0 | G76: =(F76-E76)/100 -> 0 | N76: =+(($H$6*H76)+($J$6*J76)+($K$6*K76)+($L$6*L76)+($M$6*M76)+(I76*3)) -> 0 | O76: =N76/G76 -> #DIV/0! | P76: Michell Romero
D77: =1+C77-B77 -> 1 | E77: =F76 -> 0 | G77: =(F77-E77)/100 -> 0 | N77: =+(($H$6*H77)+($J$6*J77)+($K$6*K77)+($L$6*L77)+($M$6*M77)+(I77*3)) -> 0 | O77: =N77/G77 -> #DIV/0! | P77: James Quintero
D78: =1+C78-B78 -> 1 | E78: =F77 -> 0 | G78: =(F78-E78)/100 -> 0 | N78: =+(($H$6*H78)+($J$6*J78)+($K$6*K78)+($L$6*L78)+($M$6*M78)+(I78*3)) -> 0 | O78: =N78/G78 -> #DIV/0! | P78: david
D79: =1+C79-B79 -> 1 | E79: =F78 -> 0 | G79: =(F79-E79)/100 -> 0 | N79: =+(($H$6*H79)+($J$6*J79)+($K$6*K79)+($L$6*L79)+($M$6*M79)+(I79*3)) -> 0 | O79: =N79/G79 -> #DIV/0! | P79: Michell Romero
D80: =1+C80-B80 -> 1 | E80: =F79 -> 0 | G80: =(F80-E80)/100 -> 0 | N80: =+(($H$6*H80)+($J$6*J80)+($K$6*K80)+($L$6*L80)+($M$6*M80)+(I80*3)) -> 0 | O80: =N80/G80 -> #DIV/0! | P80: James Quintero
D81: =1+C81-B81 -> 1 | E81: =F80 -> 0 | G81: =(F81-E81)/100 -> 0 | N81: =+(($H$6*H81)+($J$6*J81)+($K$6*K81)+($L$6*L81)+($M$6*M81)+(I81*3)) -> 0 | O81: =N81/G81 -> #DIV/0! | P81: yeison
D82: =1+C82-B82 -> 1 | E82: =F81 -> 0 | G82: =(F82-E82)/100 -> 0 | N82: =+(($H$6*H82)+($J$6*J82)+($K$6*K82)+($L$6*L82)+($M$6*M82)+(I82*3)) -> 0 | O82: =N82/G82 -> #DIV/0! | P82: Michell Romero
D83: =1+C83-B83 -> 1 | E83: =F82 -> 0 | G83: =(F83-E83)/100 -> 0 | N83: =+(($H$6*H83)+($J$6*J83)+($K$6*K83)+($L$6*L83)+($M$6*M83)+(I83*3)) -> 0 | O83: =N83/G83 -> #DIV/0! | P83: James Quintero
D84: =1+C84-B84 -> 1 | E84: =F83 -> 0 | G84: =(F84-E84)/100 -> 0 | N84: =+(($H$6*H84)+($J$6*J84)+($K$6*K84)+($L$6*L84)+($M$6*M84)+(I84*3)) -> 0 | O84: =N84/G84 -> #DIV/0! | P84: david
... D88: =1+C88-B88 -> 1 | E88: =F87 -> 0 | G88: =(F88-E88)/100 -> 0 | N88: =+(($H$6*H88)+($J$6*J88)+($K$6*K88)+($L$6*L88)+($M$6*M88)+(I88*3)) -> 0 | O88: =N88/G88 -> #DIV/0! | P88: luis torres
D89: =1+C89-B89 -> 1 | E89: =F88 -> 0 | G89: =(F89-E89)/100 -> 0 | N89: =+(($H$6*H89)+($J$6*J89)+($K$6*K89)+($L$6*L89)+($M$6*M89)+(I89*3)) -> 0 | O89: =+N89/G89 -> #DIV/0! | P89: quejada diego
D90: =1+C90-B90 -> 1 | E90: =F89 -> 0 | G90: =(F90-E90)/100 -> 0 | N90: =+(($H$6*H90)+($J$6*J90)+($K$6*K90)+($L$6*L90)+($M$6*M90)+(I90*3)) -> 0 | O90: =+N90/G90 -> #DIV/0! | P90: oscar andres
D91: =1+C91-B91 -> 1 | E91: =F90 -> 0 | G91: =(F91-E91)/100 -> 0 | N91: =+(($H$6*H91)+($J$6*J91)+($K$6*K91)+($L$6*L91)+($M$6*M91)+(I91*3)) -> 0 | O91: =+N91/G91 -> #DIV/0! | P91: Humberto Vasquez
D92: =1+C92-B92 -> 1 | E92: =F91 -> 0 | G92: =(F92-E92)/100 -> 0 | N92: =+(($H$6*H92)+($J$6*J92)+($K$6*K92)+($L$6*L92)+($M$6*M92)+(I92*3)) -> 0 | O92: =+N92/G92 -> #DIV/0! | P92: James Quintero
D93: =1+'TUBULAR VERDE'!C99-'TUBULAR VERDE'!B99 -> 1 | E93: =F92 -> 0 | G93: =(F93-E93)/100 -> 0 | N93: =+(($H$6*H93)+($J$6*J93)+($K$6*K93)+($L$6*L93)+($M$6*M93)+(I93*3)) -> 0 | O93: =+N93/G93 -> #DIV/0! | P93: david
D94: =1+C94-B94 -> 1 | E94: =F93 -> 0 | G94: =(F94-E94)/100 -> 0 | N94: =+(($H$6*H94)+($J$6*J94)+($K$6*K94)+($L$6*L94)+($M$6*M94)+(I94*3)) -> 0 | O94: =+N94/G94 -> #DIV/0! | P94: quejada diego
D95: =1+C95-B95 -> 1 | E95: =F94 -> 0 | G95: =(F95-E95)/100 -> 0 | N95: =+(($H$6*H95)+($J$6*J95)+($K$6*K95)+($L$6*L95)+($M$6*M95)+(I95*3)) -> 0 | O95: =+N95/G95 -> #DIV/0! | P95: quejada diego
D96: =1+C96-B96 -> 1 | E96: =F95 -> 0 | G96: =(F96-E96)/100 -> 0 | N96: =+(($H$6*H96)+($J$6*J96)+($K$6*K96)+($L$6*L96)+($M$6*M96)+(I96*3)) -> 0 | O96: =+N96/G96 -> #DIV/0! | P96: James Quintero
D97: =1+C97-B97 -> 1 | E97: =F96 -> 0 | G97: =(F97-E97)/100 -> 0 | N97: =+(($H$6*H97)+($J$6*J97)+($K$6*K97)+($L$6*L97)+($M$6*M97)+(I97*3)) -> 0 | O97: =+N97/G97 -> #DIV/0!
D98: =1+C98-B98 -> 1 | E98: =F97 -> 0 | G98: =(F98-E98)/100 -> 0 | N98: =+(($H$6*H98)+($J$6*J98)+($K$6*K98)+($L$6*L98)+($M$6*M98)+(I98*3)) -> 0 | O98: =+N98/G98 -> #DIV/0!
D99: =1+C99-B99 -> 1 | E99: =F98 -> 0 | G99: =(F99-E99)/100 -> 0 | N99: =+(($H$6*H99)+($J$6*J99)+($K$6*K99)+($L$6*L99)+($M$6*M99)+(I99*3)) -> 0 | O99: =+N99/G99 -> #DIV/0!
D100: =1+C100-B100 -> 1 | E100: =F99 -> 0 | G100: =(F100-E100)/100 -> 0 | N100: =+(($H$6*H100)+($J$6*J100)+($K$6*K100)+($L$6*L100)+($M$6*M100)+(I100*3)) -> 0 | O100: =+N100/G100 -> #DIV/0!
D101: =1+C101-B101 -> 1 | E101: =F100 -> 0 | G101: =(F101-E101)/100 -> 0 | N101: =+(($H$6*H101)+($J$6*J101)+($K$6*K101)+($L$6*L101)+($M$6*M101)+(I101*3)) -> 0 | O101: =+N101/G101 -> #DIV/0!
D102: =1+C102-B102 -> 1 | E102: =F101 -> 0 | G102: =(F102-E102)/100 -> 0 | N102: =+(($H$6*H102)+($J$6*J102)+($K$6*K102)+($L$6*L102)+($M$6*M102)+(I102*3)) -> 0 | O102: =+N102/G102 -> #DIV/0!
D103: =1+C103-B103 -> 1 | G103: =(F103-E103)/100 -> 0 | N103: =+(($H$6*H103)+($J$6*J103)+($K$6*K103)+($L$6*L103)+($M$6*M103)+(I103*3)) -> 0 | O103: =+N103/G103 -> #DIV/0!
...

Sheet MAQUINA DE ESCARCHA GRUESA
A1: COMPAÑÍA OPITA DE FRIO SAS | H1: ESCARCHA GRUESA
A2: CONTROL DE TIEMPO DE PRODUCCION
A3: LINEA DEL AGUA
B4: TIEMPO HORARICA | E4: CONTROL HOROMETRO | H4: PRODUCTOS | Q4: PLASTICO ENTREGADO | R4: USADO | S4: TOTAL PLASTIC | T4: ACUMULADO | U4: OBSERVACIONES
A5: FECHA | B5: HORA INIC | C5: HORA FIN | D5: TIEMP PRENDIDA | E5: HOROM INC | F5: HOROM FIN | G5: TIEMP PROD | H5: BTO ESCARCHA | I5: BTO FINOS | J5: ARROBA ESCARCHA | K5: 15 KG DE ESCARCHA | L5: KIL/PROD BTO | M5: KIL/PROD FINOS | N5: KIL/PROD ARROBAS | O5: ACUM KILOS | P5: PROD POR HORA | Q5: BOLSAS | R5: BOLSAS | S5: DIARIO | T5: PLASTICO | U5: AYUDANTE | V5: OBSERVACION
H6: 25 | I6: 26 | J6: 13 | K6: 15
A7: 46082 | B7: 0.25555556 | C7: 0.74027778 | D7: =1+C7-B7 -> 1.4847222 | E7: 519895 | F7: 521017 | G7: =(F7-E7)/100 -> 11.22 | H7: 246 | L7: =+H7*$H$6 -> 6150 | M7: =+$I$6*I7 -> 0 | N7: =+J7*$J$6+(K7*15) -> 0 | O7: =+L7+M7+N7 -> 6150 | P7: =(O7/G7) -> 548.12834 | Q7: 279 | R7: =H7+I7 -> 246 | S7: =R7-Q7 -> -33 | T7: =S7 -> -33 | U7: Daniel Garcia
A8: 46082 | B8: 0.76041667 | C8: 0.24166667 | D8: =1+C8-B8 -> 0.48125 | E8: =F7 -> 521017 | F8: 522227 | G8: =(F8-E8)/100 -> 12.1 | H8: 252 | L8: =+H8*$H$6 -> 6300 | M8: =+$I$6*I8 -> 0 | N8: =+J8*$J$6+(K8*15) -> 0 | O8: =+L8+M8+N8 -> 6300 | P8: =(O8/G8) -> 520.66116 | Q8: 275 | R8: =H8+I8 -> 252 | S8: =R8-Q8 -> -23 | T8: =-S7-(S8) -> 56 | U8: Jhoan Sebastian
A9: 46083 | B9: 0.25694444 | C9: 0.57569444 | D9: =1+C9-B9 -> 1.31875 | E9: =F8 -> 522227 | F9: 523028 | G9: 8 | H9: 176 | L9: =+H9*$H$6 -> 4400 | M9: =+$I$6*I9 -> 0 | N9: =+J9*$J$6+(K9*15) -> 0 | O9: =+L9+M9+N9 -> 4400 | P9: =(O9/G9) -> 550 | Q9: 200 | R9: =H9+I9 -> 176 | S9: =R9-Q9 -> -24 | T9: =-S8-(S9) -> 47 | U9: Oscar Andres
A10: 46083 | B10: 0.59027778 | C10: 0.74097222 | D10: =1+C10-B10 -> 1.1506944 | E10: =F9 -> 523028 | F10: 523424 | G10: 3 | H10: 49 | K10: 50 | L10: =+H10*$H$6 -> 1225 | M10: =+$I$6*I10 -> 0 | N10: =+J10*$J$6+(K10*15) -> 750 | O10: =+L10+M10+N10 -> 1975 | P10: =(O10/G10) -> 658.33333 | Q10: 100 | R10: =H10+I10 -> 49 | S10: =R10-Q10 -> -51 | T10: =T9-(S10) -> 98 | U10: Daniel Garcia
A11: 46083 | B11: 0.77569444 | C11: 0.90694444 | D11: =1+C11-B11 -> 1.13125 | E11: =F10 -> 523424 | F11: 523774 | G11: =(F11-E11)/100 -> 3.5 | H11: 91 | L11: =+H11*$H$6 -> 2275 | M11: =+$I$6*I11 -> 0 | N11: =+J11*$J$6+(K11*15) -> 0 | O11: =+L11+M11+N11 -> 2275 | P11: =(O11/G11) -> 650 | Q11: 100 | R11: =H11+I11 -> 91 | S11: =R11-Q11 -> -9 | T11: =T10-(S11) -> 107 | U11: Humberto
A12: 46083 | B12: 0.92361111 | C12: 0.24722222 | D12: =1+C12-B12 -> 0.32361111 | E12: =F11 -> 523774 | F12: 524603 | G12: =(F12-E12)/100 -> 8.29 | H12: 187 | L12: =+H12*$H$6 -> 4675 | M12: =+$I$6*I12 -> 0 | N12: =+J12*$J$6+(K12*15) -> 0 | O12: =+L12+M12+N12 -> 4675 | P12: =(O12/G12) -> 563.93245 | Q12: 100 | R12: =H12+I12 -> 187 | S12: =R12-Q12 -> 87 | T12: =T11-(S12) -> 20 | U12: Diego Uribe
A13: 46084 | B13: 0.25972222 | C13: 0.57152778 | D13: =1+C13-B13 -> 1.3118056 | E13: =F12 -> 524603 | F13: 525332 | G13: =(F13-E13)/100 -> 7.29 | H13: 153 | L13: =+H13*$H$6 -> 3825 | M13: =+$I$6*I13 -> 0 | N13: =+J13*$J$6+(K13*15) -> 0 | O13: =+L13+M13+N13 -> 3825 | P13: =(O13/G13) -> 524.69136 | Q13: 150 | R13: =H13+I13 -> 153 | S13: =R13-Q13 -> 3 | T13: =T12-(S13) -> 17 | U13: Oscar Andres
A14: 46084 | B14: 0.58680556 | C14: 0.78472222 | D14: =1+C14-B14 -> 1.1979167 | E14: =F13 -> 525332 | F14: 525748 | G14: =(F14-E14)/100 -> 4.16 | H14: 92 | L14: =+H14*$H$6 -> 2300 | M14: =+$I$6*I14 -> 0 | N14: =+J14*$J$6+(K14*15) -> 0 | O14: =+L14+M14+N14 -> 2300 | P14: =(O14/G14) -> 552.88462 | Q14: 100 | R14: =H14+I14 -> 92 | S14: =R14-Q14 -> -8 | T14: =T13-(S14) -> 25 | U14: quejada diego
A15: 46084 | B15: 0.77083333 | C15: 0.91180556 | D15: =1+C15-B15 -> 1.1409722 | E15: =F14 -> 525748 | F15: 526111 | G15: =(F15-E15)/100 -> 3.63 | H15: 81 | L15: =+H15*$H$6 -> 2025 | M15: =+$I$6*I15 -> 0 | N15: =+J15*$J$6+(K15*15) -> 0 | O15: =+L15+M15+N15 -> 2025 | P15: =(O15/G15) -> 557.85124 | Q15: 100 | R15: =H15+I15 -> 81 | S15: =R15-Q15 -> -19 | T15: =T14-(S15) -> 44 | U15: quejada diego
A16: 46084 | B16: 0.92361111 | C16: 0.23472222 | D16: =1+C16-B16 -> 0.31111111 | E16: =F15 -> 526111 | F16: 526922 | G16: =(F16-E16)/100 -> 8.11 | H16: 174 | L16: =+H16*$H$6 -> 4350 | M16: =+$I$6*I16 -> 0 | N16: =+J16*$J$6+(K16*15) -> 0 | O16: =+L16+M16+N16 -> 4350 | P16: =(O16/G16) -> 536.37485 | Q16: 200 | R16: =H16+I16 -> 174 | S16: =R16-Q16 -> -26 | T16: =T15-(S16) -> 70 | U16: Yinso Novoa
A17: 46085 | B17: 0.25277778 | C17: 0.58263889 | D17: =1+C17-B17 -> 1.3298611 | E17: =F16 -> 526922 | F17: 527729 | G17: =(F17-E17)/100 -> 8.07 | H17: 173 | L17: =+H17*$H$6 -> 4325 | M17: =+$I$6*I17 -> 0 | N17: =+J17*$J$6+(K17*15) -> 0 | O17: =+L17+M17+N17 -> 4325 | P17: =(O17/G17) -> 535.93556 | Q17: 200 | R17: =H17+I17 -> 173 | S17: =R17-Q17 -> -27 | T17: =T16-(S17) -> 97 | U17: Oscar Andres
A18: 46085 | B18: 0.6 | C18: 0.74305556 | D18: =1+C18-B18 -> 1.1430556 | E18: =F17 -> 527729 | F18: 528109 | G18: 4 | H18: 84 | L18: =+H18*$H$6 -> 2100 | M18: =+$I$6*I18 -> 0 | N18: =+J18*$J$6+(K18*15) -> 0 | O18: =+L18+M18+N18 -> 2100 | P18: =(O18/G18) -> 525 | Q18: 100 | R18: =H18+I18 -> 84 | S18: =R18-Q18 -> -16 | T18: =T17-(S18) -> 113 | U18: ja
A19: 46085 | B19: 0.76805556 | C19: 0.90694444 | D19: =1+C19-B19 -> 1.1388889 | E19: =F18 -> 528109 | F19: 528508 | G19: =(F19-E19)/100 -> 3.99 | H19: 83 | L19: =+H19*$H$6 -> 2075 | M19: =+$I$6*I19 -> 0 | N19: =+J19*$J$6+(K19*15) -> 0 | O19: =+L19+M19+N19 -> 2075 | P19: =(O19/G19) -> 520.05013 | Q19: 50 | R19: =H19+I19 -> 83 | S19: =R19-Q19 -> 33 | T19: =T18-(S19) -> 80 | U19: hernandez luis
A20: 46085 | B20: 0.94861111 | C20: 0.23958333 | D20: =1+C20-B20 -> 0.29097222 | E20: =F19 -> 528508 | F20: 529267 | G20: =(F20-E20)/100 -> 7.59 | H20: 163 | L20: =+H20*$H$6 -> 4075 | M20: =+$I$6*I20 -> 0 | N20: =+J20*$J$6+(K20*15) -> 0 | O20: =+L20+M20+N20 -> 4075 | P20: =(O20/G20) -> 536.89065 | Q20: 100 | R20: =H20+I20 -> 163 | S20: =R20-Q20 -> 63 | T20: =T19-(S20) -> 17 | U20: Yinso Novoa | V20: se recibio maquina apagada y se prende a las 10:26
A21: 46086 | B21: 0.26944444 | C21: 0.57083333 | D21: =1+C21-B21 -> 1.3013889 | E21: =F20 -> 529267 | F21: 530062 | G21: =(F21-E21)/100 -> 7.95 | H21: 160 | L21: =+H21*$H$6 -> 4000 | M21: =+$I$6*I21 -> 0 | N21: =+J21*$J$6+(K21*15) -> 0 | O21: =+L21+M21+N21 -> 4000 | P21: =(O21/G21) -> 503.14465 | Q21: 150 | R21: =H21+I21 -> 160 | S21: =R21-Q21 -> 10 | T21: =T20-(S21) -> 7 | U21: Oscar Andres
A22: 46086 | B22: 0.5875 | C22: 0.74097222 | D22: =1+C22-B22 -> 1.1534722 | E22: =F21 -> 530062 | F22: 530443 | G22: =(F22-E22)/100 -> 3.81 | H22: 69 | K22: 35 | L22: =+H22*$H$6 -> 1725 | M22: =+$I$6*I22 -> 0 | N22: =+J22*$J$6+(K22*15) -> 525 | O22: =+L22+M22+N22 -> 2250 | P22: =(O22/G22) -> 590.55118 | Q22: 100 | R22: =H22+I22 -> 69 | S22: =R22-Q22 -> -31 | T22: =T21-(S22) -> 38 | U22: DAVID
A23: 46086 | B23: 0.75625 | C23: 0.90694444 | D23: =1+C23-B23 -> 1.1506944 | E23: =F22 -> 530443 | F23: 530855 | G23: =(F23-E23)/100 -> 4.12 | H23: 81 | L23: =+H23*$H$6 -> 2025 | M23: =+$I$6*I23 -> 0 | N23: =+J23*$J$6+(K23*15) -> 0 | O23: =+L23+M23+N23 -> 2025 | P23: =(O23/G23) -> 491.50485 | Q23: 100 | R23: =H23+I23 -> 81 | S23: =R23-Q23 -> -19 | T23: =T22-(S23) -> 57 | U23: hernandez luis
A24: 46086 | B24: 0.92222222 | C24: 0.24027778 | D24: =1+C24-B24 -> 0.31805556 | E24: =F23 -> 530855 | F24: 531649 | G24: =(F24-E24)/100 -> 7.94 | H24: 182 | L24: =+H24*$H$6 -> 4550 | M24: =+$I$6*I24 -> 0 | N24: =+J24*$J$6+(K24*15) -> 0 | O24: =+L24+M24+N24 -> 4550 | P24: =(O24/G24) -> 573.04786 | Q24: 200 | R24: =H24+I24 -> 182 | S24: =R24-Q24 -> -18 | T24: =T23-(S24) -> 75 | U24: Yinso Novoa
A25: 46087 | B25: 0.25486111 | C25: 0.575 | D25: =1+C25-B25 -> 1.3201389 | E25: =F24 -> 531649 | F25: 532454 | G25: =(F25-E25)/100 -> 8.05 | H25: 170 | L25: =+H25*$H$6 -> 4250 | M25: =+$I$6*I25 -> 0 | N25: =+J25*$J$6+(K25*15) -> 0 | O25: =+L25+M25+N25 -> 4250 | P25: =(O25/G25) -> 527.95031 | Q25: 200 | R25: =H25+I25 -> 170 | S25: =R25-Q25 -> -30 | T25: =T24-(S25) -> 105 | U25: Oscar Andres
A26: 46087 | B26: 0.59236111 | C26: 0.74930556 | D26: =1+C26-B26 -> 1.1569444 | E26: =F25 -> 532454 | F26: 532864 | G26: =(F26-E26)/100 -> 4.1 | H26: 89 | L26: =+H26*$H$6 -> 2225 | M26: =+$I$6*I26 -> 0 | N26: =+J26*$J$6+(K26*15) -> 0 | O26: =+L26+M26+N26 -> 2225 | P26: =(O26/G26) -> 542.68293 | Q26: 100 | R26: =H26+I26 -> 89 | S26: =R26-Q26 -> -11 | T26: =T25-(S26) -> 116 | U26: DAVID
A27: 46087 | B27: 0.76527778 | C27: 0.90972222 | D27: =1+C27-B27 -> 1.1444444 | E27: =F26 -> 532864 | F27: 533246 | G27: =(F27-E27)/100 -> 3.82 | H27: 83 | L27: =+H27*$H$6 -> 2075 | M27: =+$I$6*I27 -> 0 | N27: =+J27*$J$6+(K27*15) -> 0 | O27: =+L27+M27+N27 -> 2075 | P27: =(O27/G27) -> 543.19372 | Q27: 100 | R27: =H27+I27 -> 83 | S27: =R27-Q27 -> -17 | T27: =T26-(S27) -> 133 | U27: quejada diego
A28: 46087 | B28: 0.92708333 | C28: 0.24305556 | D28: =1+C28-B28 -> 0.31597222 | E28: =F27 -> 533246 | F28: 534066 | G28: =(F28-E28)/100 -> 8.2 | H28: =132+28 -> 160 | L28: =+H28*$H$6 -> 4000 | M28: =+$I$6*I28 -> 0 | N28: =+J28*$J$6+(K28*15) -> 0 | O28: =+L28+M28+N28 -> 4000 | P28: =(O28/G28) -> 487.80488 | Q28: 100 | R28: =H28+I28 -> 160 | S28: =R28-Q28 -> 60 | T28: =T27-(S28) -> 73 | U28: Yinso Novoa
A29: 46088 | B29: 0.26736111 | C29: 0.57916667 | D29: =1+C29-B29 -> 1.3118056 | E29: =F28 -> 534066 | F29: 534869 | G29: 8 | H29: 171 | L29: =+H29*$H$6 -> 4275 | M29: =+$I$6*I29 -> 0 | N29: =+J29*$J$6+(K29*15) -> 0 | O29: =+L29+M29+N29 -> 4275 | P29: =(O29/G29) -> 534.375 | Q29: 200 | R29: =H29+I29 -> 171 | S29: =R29-Q29 -> -29 | T29: =T28-(S29) -> 102 | U29: Oscar Andres
A30: 46088 | B30: 0.59444444 | C30: 0.74930556 | D30: =1+C30-B30 -> 1.1548611 | E30: =F29 -> 534869 | F30: 535268 | G30: 8 | H30: 87 | L30: =+H30*$H$6 -> 2175 | M30: =+$I$6*I30 -> 0 | N30: =+J30*$J$6+(K30*15) -> 0 | O30: =+L30+M30+N30 -> 2175 | P30: =(O30/G30) -> 271.875 | Q30: 100 | R30: =H30+I30 -> 87 | S30: =R30-Q30 -> -13 | T30: =T29-(S30) -> 115 | U30: Andres Tinoco
A31: 46088 | B31: 0.76319444 | C31: 0.90763889 | D31: =1+C31-B31 -> 1.1444444 | E31: =F30 -> 535268 | F31: 535662 | G31: =(F31-E31)/100 -> 3.94 | H31: 80 | L31: =+H31*$H$6 -> 2000 | M31: =+$I$6*I31 -> 0 | N31: =+J31*$J$6+(K31*15) -> 0 | O31: =+L31+M31+N31 -> 2000 | P31: =(O31/G31) -> 507.61421 | Q31: 100 | R31: =H31+I31 -> 80 | S31: =R31-Q31 -> -20 | T31: =T30-(S31) -> 135 | U31: Andres Tinoco
A32: 46088 | B32: 0.92361111 | C32: 0.24305556 | D32: =1+C32-B32 -> 0.31944444 | E32: =F31 -> 535662 | F32: 536448 | G32: =(F32-E32)/100 -> 7.86 | H32: 171 | L32: =+H32*$H$6 -> 4275 | M32: =+$I$6*I32 -> 0 | N32: =+J32*$J$6+(K32*15) -> 0 | O32: =+L32+M32+N32 -> 4275 | P32: =(O32/G32) -> 543.89313 | Q32: 200 | R32: =H32+I32 -> 171 | S32: =R32-Q32 -> -29 | T32: =T31-(S32) -> 164 | U32: Yinso Novoa
A33: 46089 | B33: 0.25416667 | C33: 0.65902778 | D33: =1+C33-B33 -> 1.4048611 | E33: 472837 | F33: 537423 | G33: 8 | H33: 200 | L33: =+H33*$H$6 -> 5000 | M33: =+$I$6*I33 -> 0 | N33: =+J33*$J$6+(K33*15) -> 0 | O33: =+L33+M33+N33 -> 5000 | P33: =(O33/G33) -> 625 | Q33: 200 | R33: =H33+I33 -> 200 | S33: =R33-Q33 -> 0 | T33: =T32-(S33) -> 164 | U33: luis torres
A34: 46089 | B34: 0.54722222 | C34: 0.74097222 | D34: =1+C34-B34 -> 1.19375 | E34: =F33 -> 537423 | F34: 538029 | G34: 3 | H34: 103 | L34: =+H34*$H$6 -> 2575 | M34: =+$I$6*I34 -> 0 | N34: =+J34*$J$6+(K34*15) -> 0 | O34: =+L34+M34+N34 -> 2575 | P34: =(O34/G34) -> 858.33333 | Q34: 150 | R34: =H34+I34 -> 103 | S34: =R34-Q34 -> -47 | T34: =T33-(S34) -> 211 | U34: hernandez luis
A35: 46090 | B35: 0.25347222 | C35: 0.57638889 | D35: =1+C35-B35 -> 1.3229167 | E35: 538043 | F35: 538804 | G35: 8 | H35: 184 | L35: =+H35*$H$6 -> 4600 | M35: =+$I$6*I35 -> 0 | N35: =+J35*$J$6+(K35*15) -> 0 | O35: =+L35+M35+N35 -> 4600 | P35: =(O35/G35) -> 575 | Q35: 200 | R35: =H35+I35 -> 184 | S35: =R35-Q35 -> -16 | T35: =T34-(S35) -> 227 | U35: Yeisson
A36: 46090 | B36: 0.58958333 | C36: 0.74652778 | D36: =1+C36-B36 -> 1.1569444 | E36: =F35 -> 538804 | F36: 539197 | G36: =(F36-E36)/100 -> 3.93 | H36: 86 | L36: =+H36*$H$6 -> 2150 | M36: =+$I$6*I36 -> 0 | N36: =+J36*$J$6+(K36*15) -> 0 | O36: =+L36+M36+N36 -> 2150 | P36: =(O36/G36) -> 547.07379 | Q36: 100 | R36: =H36+I36 -> 86 | S36: =R36-Q36 -> -14 | T36: =T35-(S36) -> 241 | U36: Humberto
A37: 46090 | B37: 0.77638889 | C37: 0.90277778 | D37: =1+C37-B37 -> 1.1263889 | E37: =F36 -> 539197 | F37: 539568 | G37: =(F37-E37)/100 -> 3.71 | H37: 74 | L37: =+H37*$H$6 -> 1850 | M37: =+$I$6*I37 -> 0 | N37: =+J37*$J$6+(K37*15) -> 0 | O37: =+L37+M37+N37 -> 1850 | P37: =(O37/G37) -> 498.65229 | Q37: 50 | R37: =H37+I37 -> 74 | S37: =R37-Q37 -> 24 | T37: =T36-(S37) -> 217 | U37: luis torres | X37: 1
A38: 46090 | B38: 0.93402778 | C38: 0.24166667 | D38: =1+C38-B38 -> 0.30763889 | E38: =F37 -> 539568 | F38: 540367 | G38: =(F38-E38)/100 -> 7.99 | H38: 170 | L38: =+H38*$H$6 -> 4250 | M38: =+$I$6*I38 -> 0 | N38: =+J38*$J$6+(K38*15) -> 0 | O38: =+L38+M38+N38 -> 4250 | P38: =(O38/G38) -> 531.91489 | Q38: 150 | R38: =H38+I38 -> 170 | S38: =R38-Q38 -> 20 | T38: =T37-(S38) -> 197 | U38: hernandez luis
A39: 46091 | B39: 0.25347222 | C39: 0.57986111 | D39: =1+C39-B39 -> 1.3263889 | E39: =F38 -> 540367 | F39: 540964 | G39: 8 | H39: 145 | K39: 50 | L39: =+H39*$H$6 -> 3625 | M39: =+$I$6*I39 -> 0 | N39: =+J39*$J$6+(K39*15) -> 750 | O39: =+L39+M39+N39 -> 4375 | P39: =(O39/G39) -> 546.875 | Q39: 150 | R39: =H39+I39 -> 145 | S39: =R39-Q39 -> -5 | T39: =T38-(S39) -> 202 | U39: Yeisson
A40: 46091 | B40: 0.59305556 | C40: 0.76736111 | D40: =1+C40-B40 -> 1.1743056 | E40: =F39 -> 540964 | F40: 541609 | G40: =(F40-E40)/100 -> 6.45 | H40: 94 | L40: =+H40*$H$6 -> 2350 | M40: =+$I$6*I40 -> 0 | N40: =+J40*$J$6+(K40*15) -> 0 | O40: =+L40+M40+N40 -> 2350 | P40: =(O40/G40) -> 364.34109 | Q40: 100 | R40: =H40+I40 -> 94 | S40: =R40-Q40 -> -6 | T40: =T39-(S40) -> 208 | U40: Oscar Andres
A41: 46091 | B41: 0.79097222 | C41: 0.90625 | D41: =1+C41-B41 -> 1.1152778 | E41: =F40 -> 541609 | F41: 541955 | G41: =(F41-E41)/100 -> 3.46 | H41: 76 | L41: =+H41*$H$6 -> 1900 | M41: =+$I$6*I41 -> 0 | N41: =+J41*$J$6+(K41*15) -> 0 | O41: =+L41+M41+N41 -> 1900 | P41: =(O41/G41) -> 549.13295 | Q41: 100 | R41: =H41+I41 -> 76 | S41: =R41-Q41 -> -24 | T41: =T40-(S41) -> 232 | U41: Oscar Andres | X41: 1
A42: 46091 | B42: 0.91944444 | C42: 0.24305556 | D42: =1+C42-B42 -> 0.32361111 | E42: =F41 -> 541955 | F42: 542763 | G42: =(F42-E42)/100 -> 8.08 | H42: 174 | L42: =+H42*$H$6 -> 4350 | M42: =+$I$6*I42 -> 0 | N42: =+J42*$J$6+(K42*15) -> 0 | O42: =+L42+M42+N42 -> 4350 | P42: =(O42/G42) -> 538.36634 | Q42: 150 | R42: =H42+I42 -> 174 | S42: =R42-Q42 -> 24 | T42: =T41-(S42) -> 208 | U42: hernandez luis
A43: 46092 | B43: 0.25555556 | C43: 0.56111111 | D43: =1+C43-B43 -> 1.3055556 | E43: =F42 -> 542763 | F43: 543599 | G43: =(F43-E43)/100 -> 8.36 | H43: 160 | L43: =+H43*$H$6 -> 4000 | M43: =+$I$6*I43 -> 0 | N43: =+J43*$J$6+(K43*15) -> 0 | O43: =+L43+M43+N43 -> 4000 | P43: =(O43/G43) -> 478.4689 | Q43: 200 | R43: =H43+I43 -> 160 | S43: =R43-Q43 -> -40 | T43: =T42-(S43) -> 248 | U43: oviedo andres
A44: 46092 | B44: 0.62986111 | C44: 0.75763889 | D44: =1+C44-B44 -> 1.1277778 | E44: =F43 -> 543599 | F44: 543843 | G44: =(F44-E44)/100 -> 2.44 | H44: 72 | L44: =+H44*$H$6 -> 1800 | M44: =+$I$6*I44 -> 0 | N44: =+J44*$J$6+(K44*15) -> 0 | O44: =+L44+M44+N44 -> 1800 | P44: =(O44/G44) -> 737.70492 | Q44: 50 | R44: =H44+I44 -> 72 | S44: =R44-Q44 -> 22 | T44: =T43-(S44) -> 226 | U44: Andres Tinoco
A45: 46092 | B45: 0.79444444 | C45: 0.90763889 | D45: =1+C45-B45 -> 1.1131944 | E45: =F44 -> 543843 | F45: 544226 | G45: =(F45-E45)/100 -> 3.83 | H45: 81 | L45: =+H45*$H$6 -> 2025 | M45: =+$I$6*I45 -> 0 | N45: =+J45*$J$6+(K45*15) -> 0 | O45: =+L45+M45+N45 -> 2025 | P45: =(O45/G45) -> 528.72063 | Q45: 100 | R45: =H45+I45 -> 81 | S45: =R45-Q45 -> -19 | T45: =T44-(S45) -> 245 | U45: Oscar Andres
A46: 46092 | B46: 0.93958333 | C46: 0.23958333 | D46: =1+C46-B46 -> 0.3 | E46: =F45 -> 544226 | F46: 545014 | G46: =(F46-E46)/100 -> 7.88 | H46: 167 | L46: =+H46*$H$6 -> 4175 | M46: =+$I$6*I46 -> 0 | N46: =+J46*$J$6+(K46*15) -> 0 | O46: =+L46+M46+N46 -> 4175 | P46: =(O46/G46) -> 529.82234 | Q46: 200 | R46: =H46+I46 -> 167 | S46: =R46-Q46 -> -33 | T46: =T45-(S46) -> 278 | U46: hernandez luis
A47: 46093 | B47: 0.25694444 | C47: 0.58055556 | D47: =1+C47-B47 -> 1.3236111 | E47: =F46 -> 545014 | F47: 545562 | G47: =(F47-E47)/100 -> 5.48 | H47: 114 | L47: =+H47*$H$6 -> 2850 | M47: =+$I$6*I47 -> 0 | N47: =+J47*$J$6+(K47*15) -> 0 | O47: =+L47+M47+N47 -> 2850 | P47: =(O47/G47) -> 520.07299 | Q47: 150 | R47: =H47 -> 114 | S47: =R47-Q47 -> -36 | T47: =T46-(S47) -> 314 | U47: Yinso Novoa
A48: 46093 | B48: 0.59236111 | C48: 0.74722222 | D48: =1+C48-B48 -> 1.1548611 | E48: =F47 -> 545562 | F48: 545967 | G48: =(F48-E48)/100 -> 4.05 | H48: 67 | K48: 30 | L48: =+H48*$H$6 -> 1675 | M48: =+$I$6*I48 -> 0 | N48: =+J48*$J$6+(K48*15) -> 450 | O48: =+L48+M48+N48 -> 2125 | P48: =(O48/G48) -> 524.69136 | Q48: 100 | R48: =H48 -> 67 | S48: =R48-Q48 -> -33 | T48: =T47-(S48) -> 347 | U48: Andres Tinoco
A49: 46093 | B49: 0.7625 | C49: 0.90416667 | D49: =1+C49-B49 -> 1.1416667 | E49: =F48 -> 545967 | F49: 546365 | G49: =(F49-E49)/100 -> 3.98 | H49: 81 | L49: =+H49*$H$6 -> 2025 | M49: =+$I$6*I49 -> 0 | N49: =+J49*$J$6+(K49*15) -> 0 | O49: =+L49+M49+N49 -> 2025 | P49: =(O49/G49) -> 508.79397 | Q49: 100 | R49: =H49 -> 81 | S49: =R49-Q49 -> -19 | T49: =T48-(S49) -> 366 | U49: Andres Tinoco
A50: 46093 | B50: 0.93194444 | C50: 0.24305556 | D50: =1+C50-B50 -> 0.31111111 | E50: =F49 -> 546365 | F50: 547159 | G50: =(F50-E50)/100 -> 7.94 | H50: 174 | L50: =+H50*$H$6 -> 4350 | M50: =+$I$6*I50 -> 0 | N50: =+J50*$J$6+(K50*15) -> 0 | O50: =+L50+M50+N50 -> 4350 | P50: =(O50/G50) -> 547.85894 | Q50: 319 | R50: =H50 -> 174 | S50: =R50-Q50 -> -145 | T50: =T49-(S50) -> 511 | U50: hernandez luis
A51: 46094 | B51: 0.25347222 | C51: 0.57986111 | D51: =1+C51-B51 -> 1.3263889 | E51: =F50 -> 547159 | F51: 547967 | G51: =(F51-E51)/100 -> 8.08 | H51: 177 | L51: =+H51*$H$6 -> 4425 | M51: =+$I$6*I51 -> 0 | N51: =+J51*$J$6+(K51*15) -> 0 | O51: =+L51+M51+N51 -> 4425 | P51: =(O51/G51) -> 547.64851 | Q51: 200 | R51: =H51 -> 177 | S51: =R51-Q51 -> -23 | T51: =T50-(S51) -> 534 | U51: jesus david
A52: 46094 | B52: 0.59375 | C52: 0.74791667 | D52: =1+C52-B52 -> 1.1541667 | E52: =F51 -> 547967 | F52: 548374 | G52: =(F52-E52)/100 -> 4.07 | H52: 73 | L52: =+H52*$H$6 -> 1825 | M52: =+$I$6*I52 -> 0 | N52: =+J52*$J$6+(K52*15) -> 0 | O52: =+L52+M52+N52 -> 1825 | P52: =(O52/G52) -> 448.40295 | Q52: 100 | R52: =H52 -> 73 | S52: =R52-Q52 -> -27 | T52: =T51-(S52) -> 561 | U52: luis torres
A53: 46094 | B53: 0.7625 | C53: 0.90277778 | D53: =1+C53-B53 -> 1.1402778 | E53: =F52 -> 548374 | F53: 548702 | G53: 4 | H53: 38 | K53: 46 | L53: =+H53*$H$6 -> 950 | M53: =+$I$6*I53 -> 0 | N53: =+J53*$J$6+(K53*15) -> 690 | O53: =+L53+M53+N53 -> 1640 | P53: =(O53/G53) -> 410 | Q53: 50 | R53: =H53 -> 38 | S53: =R53-Q53 -> -12 | T53: =T52-(S53) -> 573 | U53: luis torres | V53: se apaga 25 min por lavado de tanque
A54: 46094 | B54: 0.93333333 | C54: 0.23958333 | D54: 0.9125 | E54: =F53 -> 548702 | F54: 549506 | G54: 8 | H54: 169 | L54: =+H54*$H$6 -> 4225 | M54: =+$I$6*I54 -> 0 | N54: =+J54*$J$6+(K54*15) -> 0 | O54: =+L54+M54+N54 -> 4225 | P54: =(O54/G54) -> 528.125 | Q54: 180 | R54: =H54 -> 169 | S54: =R54-Q54 -> -11 | T54: =T53-(S54) -> 584 | U54: hernandez luis
A55: 46095 | B55: 0.26041667 | C55: 0.57083333 | D55: =1+C55-B55 -> 1.3104167 | E55: =F54 -> 549506 | F55: 550162 | G55: =(F55-E55)/100 -> 6.56 | H55: 170 | L55: =+H55*$H$6 -> 4250 | M55: =+$I$6*I55 -> 0 | N55: =+J55*$J$6+(K55*15) -> 0 | O55: =+L55+M55+N55 -> 4250 | P55: =(O55/G55) -> 647.86585 | Q55: 200 | R55: =H55 -> 170 | S55: =R55-Q55 -> -30 | T55: =T54-(S55) -> 614 | U55: oviedo andres
A56: 46095 | B56: 0.59375 | C56: 0.74861111 | D56: =1+C56-B56 -> 1.1548611 | E56: =F55 -> 550162 | F56: 550730 | G56: =(F56-E56)/100 -> 5.68 | H56: 90 | L56: =+H56*$H$6 -> 2250 | M56: =+$I$6*I56 -> 0 | N56: =+J56*$J$6+(K56*15) -> 0 | O56: =+L56+M56+N56 -> 2250 | P56: =(O56/G56) -> 396.12676 | Q56: 100 | R56: =H56 -> 90 | S56: =R56-Q56 -> -10 | T56: =T55-(S56) -> 624 | U56: Oscar Andres
A57: 46095 | B57: 0.76388889 | C57: 0.91041667 | D57: =1+C57-B57 -> 1.1465278 | E57: =F56 -> 550730 | F57: 551096 | G57: =(F57-E57)/100 -> 3.66 | H57: 74 | L57: =+H57*$H$6 -> 1850 | M57: =+$I$6*I57 -> 0 | N57: =+J57*$J$6+(K57*15) -> 0 | O57: =+L57+M57+N57 -> 1850 | P57: =(O57/G57) -> 505.46448 | Q57: 100 | R57: =H57 -> 74 | S57: =R57-Q57 -> -26 | T57: =T56-(S57) -> 650 | U57: Humberto
A58: 46095 | B58: 0.96041667 | C58: 0.24097222 | D58: =1+C58-B58 -> 0.28055556 | E58: =F57 -> 551096 | F58: 551903 | G58: =(F58-E58)/100 -> 8.07 | H58: 162 | L58: =+H58*$H$6 -> 4050 | M58: =+$I$6*I58 -> 0 | N58: =+J58*$J$6+(K58*15) -> 0 | O58: =+L58+M58+N58 -> 4050 | P58: =(O58/G58) -> 501.85874 | Q58: 150 | R58: =H58 -> 162 | S58: =R58-Q58 -> 12 | T58: =T57-(S58) -> 638 | U58: Luis Hernadez
D59: =1+C59-B59 -> 1 | E59: =F58 -> 551903 | G59: =(F59-E59)/100 -> -5519.03 | L59: =+H59*$H$6 -> 0 | M59: =+$I$6*I59 -> 0 | N59: =+J59*$J$6+(K59*15) -> 0 | O59: =+L59+M59+N59 -> 0 | P59: =(O59/G59) -> 0 | Q59: 250 | R59: =H59 -> 0 | S59: =R59-Q59 -> -250 | T59: =T58-(S59) -> 888 | U59: Humberto
D60: =1+C60-B60 -> 1 | E60: =F59 -> 0 | G60: =(F60-E60)/100 -> 0 | L60: =+H60*$H$6 -> 0 | M60: =+$I$6*I60 -> 0 | N60: =+J60*$J$6+(K60*15) -> 0 | O60: =+L60+M60+N60 -> 0 | P60: =(O60/G60) -> #DIV/0! | Q60: 300 | R60: =H60 -> 0 | S60: =R60-Q60 -> -300 | T60: =T59-(S60) -> 1188 | U60: DAVID
D61: =1+C61-B61 -> 1 | E61: =F60 -> 0 | G61: =(F61-E61)/100 -> 0 | L61: =+H61*$H$6 -> 0 | M61: =+$I$6*I61 -> 0 | N61: =+J61*$J$6+(K61*15) -> 0 | O61: =+L61+M61+N61 -> 0 | P61: =(O61/G61) -> #DIV/0! | Q61: 200 | R61: =H61 -> 0 | S61: =R61-Q61 -> -200 | T61: =T60-(S61) -> 1388 | U61: Daniel Garcia
D62: =1+C62-B62 -> 1 | E62: =F61 -> 0 | G62: =(F62-E62)/100 -> 0 | L62: =+H62*$H$6 -> 0 | M62: =+$I$6*I62 -> 0 | N62: =+J62*$J$6+(K62*15) -> 0 | O62: =+L62+M62+N62 -> 0 | P62: =(O62/G62) -> #DIV/0! | Q62: 100 | R62: =H62 -> 0 | S62: =R62-Q62 -> -100 | T62: =T61-(S62) -> 1488 | U62: Yeisson
D63: =1+C63-B63 -> 1 | E63: =F62 -> 0 | G63: =(F63-E63)/100 -> 0 | L63: =+H63*$H$6 -> 0 | M63: =+$I$6*I63 -> 0 | N63: =+J63*$J$6+(K63*15) -> 0 | O63: =+L63+M63+N63 -> 0 | P63: =(O63/G63) -> #DIV/0! | Q63: 100 | R63: =H63 -> 0 | S63: =R63-Q63 -> -100 | T63: =T62-(S63) -> 1588 | U63: Yeisson
D64: =1+C64-B64 -> 1 | E64: =F63 -> 0 | G64: =(F64-E64)/100 -> 0 | L64: =+H64*$H$6 -> 0 | M64: =+$I$6*I64 -> 0 | N64: =+J64*$J$6+(K64*15) -> 0 | O64: =+L64+M64+N64 -> 0 | P64: =(O64/G64) -> #DIV/0! | Q64: 200 | R64: =H64 -> 0 | S64: =R64-Q64 -> -200 | T64: =T63-(S64) -> 1788 | U64: hernandez luis
D65: =1+C65-B65 -> 1 | E65: =F64 -> 0 | G65: =(F65-E65)/100 -> 0 | L65: =+H65*$H$6 -> 0 | M65: =+$I$6*I65 -> 0 | N65: =+J65*$J$6+(K65*15) -> 0 | O65: =+L65+M65+N65 -> 0 | P65: =(O65/G65) -> #DIV/0! | Q65: 200 | R65: =H65 -> 0 | S65: =R65-Q65 -> -200 | T65: =T64-(S65) -> 1988 | U65: Oscar Andres
D66: =1+C66-B66 -> 1 | E66: =F65 -> 0 | G66: =(F66-E66)/100 -> 0 | L66: =+H66*$H$6 -> 0 | M66: =+$I$6*I66 -> 0 | N66: =+J66*$J$6+(K66*15) -> 0 | O66: =+L66+M66+N66 -> 0 | P66: =(O66/G66) -> #DIV/0! | Q66: 100 | R66: =H66 -> 0 | S66: =R66-Q66 -> -100 | T66: =T65-(S66) -> 2088 | U66: Yeisson
D67: =1+C67-B67 -> 1 | E67: =F66 -> 0 | G67: =(F67-E67)/100 -> 0 | L67: =+H67*$H$6 -> 0 | M67: =+$I$6*I67 -> 0 | N67: =+J67*$J$6+(K67*15) -> 0 | O67: =+L67+M67+N67 -> 0 | P67: =(O67/G67) -> #DIV/0! | Q67: 100 | R67: =H67 -> 0 | S67: =R67-Q67 -> -100 | T67: =T66-(S67) -> 2188 | U67: Yinso Novoa
D68: =1+C68-B68 -> 1 | E68: =F67 -> 0 | G68: =(F68-E68)/100 -> 0 | L68: =+H68*$H$6 -> 0 | M68: =+$I$6*I68 -> 0 | N68: =+J68*$J$6+(K68*15) -> 0 | O68: =+L68+M68+N68 -> 0 | P68: =(O68/G68) -> #DIV/0! | Q68: 150 | R68: =H68 -> 0 | S68: =R68-Q68 -> -150 | T68: =T67-(S68) -> 2338 | U68: Luis Hernadez
D69: =1+C69-B69 -> 1 | E69: =F68 -> 0 | G69: =(F69-E69)/100 -> 0 | L69: =+H69*$H$6 -> 0 | M69: =+$I$6*I69 -> 0 | N69: =+J69*$J$6+(K69*15) -> 0 | O69: =+L69+M69+N69 -> 0 | P69: =(O69/G69) -> #DIV/0! | Q69: 100 | R69: =H69 -> 0 | S69: =R69-Q69 -> -100 | T69: =T68-(S69) -> 2438 | U69: Andres Tinoco
D70: =1+C70-B70 -> 1 | E70: =F69 -> 0 | G70: =(F70-E70)/100 -> 0 | L70: =+H70*$H$6 -> 0 | M70: =+$I$6*I70 -> 0 | N70: =+J70*$J$6+(K70*15) -> 0 | O70: =+L70+M70+N70 -> 0 | P70: =(O70/G70) -> #DIV/0! | Q70: 50 | R70: =H70 -> 0 | S70: =R70-Q70 -> -50 | T70: =T69-(S70) -> 2488 | U70: Yeisson
... D84: =1+C84-B84 -> 1 | E84: =F83 -> 0 | G84: =(F84-E84)/100 -> 0 | L84: =+H84*$H$6 -> 0 | M84: =+$I$6*I84 -> 0 | N84: =+J84*$J$6+(K84*15) -> 0 | O84: =+L84+M84+N84 -> 0 | P84: =(O84/G84) -> #DIV/0! | Q84: 150 | R84: =H84 -> 0 | S84: =R84-Q84 -> -150 | T84: =T83-(S84) -> 4338 | U84: hernandez luis
D85: =1+C85-B85 -> 1 | E85: =F84 -> 0 | G85: 12 | L85: =+H85*$H$6 -> 0 | M85: =+$I$6*I85 -> 0 | N85: =+J85*$J$6+(K85*15) -> 0 | O85: =+L85+M85+N85 -> 0 | P85: =(O85/G85) -> 0 | Q85: 300 | R85: =H85 -> 0 | S85: =R85-Q85 -> -300 | T85: =T84-(S85) -> 4638 | U85: Oscar Andres
D86: =1+C86-B86 -> 1 | E86: =F85 -> 0 | G86: =(F86-E86)/100 -> 0 | L86: =+H86*$H$6 -> 0 | M86: =+$I$6*I86 -> 0 | N86: =+J86*$J$6+(K86*15) -> 0 | O86: =+L86+M86+N86 -> 0 | P86: =(O86/G86) -> #DIV/0! | Q86: 250 | R86: =H86 -> 0 | S86: =R86-Q86 -> -250 | T86: =T85-(S86) -> 4888 | U86: Humberto
D87: =1+C87-B87 -> 1 | E87: =F86 -> 0 | G87: =(F87-E87)/100 -> 0 | L87: =+H87*$H$6 -> 0 | M87: =+$I$6*I87 -> 0 | N87: =+J87*$J$6+(K87*15) -> 0 | O87: =+L87+M87+N87 -> 0 | P87: =(O87/G87) -> #DIV/0! | Q87: 100 | R87: =H87 -> 0 | S87: =R87-Q87 -> -100 | T87: =T86-(S87) -> 4988 | U87: luis torres
D88: =1+C88-B88 -> 1 | E88: =F87 -> 0 | G88: =(F88-E88)/100 -> 0 | L88: =+H88*$H$6 -> 0 | M88: =+$I$6*I88 -> 0 | N88: =+J88*$J$6+(K88*15) -> 0 | O88: =+L88+M88+N88 -> 0 | P88: =(O88/G88) -> #DIV/0! | Q88: 100 | R88: =H88 -> 0 | S88: =R88-Q88 -> -100 | T88: =T87-(S88) -> 5088 | U88: Oscar Andres
D89: =1+C89-B89 -> 1 | E89: =F88 -> 0 | G89: =(F89-E89)/100 -> 0 | L89: =+H89*$H$6 -> 0 | M89: =+$I$6*I89 -> 0 | N89: =+J89*$J$6+(K89*15) -> 0 | O89: =+L89+M89+N89 -> 0 | P89: =(O89/G89) -> #DIV/0! | Q89: 50 | R89: =H89 -> 0 | S89: =R89-Q89 -> -50 | T89: =T88-(S89) -> 5138 | U89: Oscar Andres
D90: =1+C90-B90 -> 1 | E90: =F89 -> 0 | G90: =(F90-E90)/100 -> 0 | L90: =+H90*$H$6 -> 0 | M90: =+$I$6*I90 -> 0 | N90: =+J90*$J$6+(K90*15) -> 0 | O90: =+L90+M90+N90 -> 0 | P90: =(O90/G90) -> #DIV/0! | Q90: 100 | R90: =H90 -> 0 | S90: =R90-Q90 -> -100 | T90: =T89-(S90) -> 5238 | U90: Humberto
D91: =1+C91-B91 -> 1 | E91: =F90 -> 0 | G91: =(F91-E91)/100 -> 0 | L91: =+H91*$H$6 -> 0 | M91: =+$I$6*I91 -> 0 | N91: =+J91*$J$6+(K91*15) -> 0 | O91: =+L91+M91+N91 -> 0 | P91: =(O91/G91) -> #DIV/0! | Q91: 250 | R91: =H91 -> 0 | S91: =R91-Q91 -> -250 | T91: =T90-(S91) -> 5488 | U91: Jhoan Sebastian
D92: =1+C92-B92 -> 1 | E92: =F91 -> 0 | G92: =(F92-E92)/100 -> 0 | L92: =+H92*$H$6 -> 0 | M92: =+$I$6*I92 -> 0 | N92: =+J92*$J$6+(K92*15) -> 0 | O92: =+L92+M92+N92 -> 0 | P92: =(O92/G92) -> #DIV/0! | Q92: 100 | R92: =H92 -> 0 | S92: =R92-Q92 -> -100 | T92: =T91-(S92) -> 5588 | U92: hernandez luis
D93: =1+C93-B93 -> 1 | E93: =F92 -> 0 | G93: =(F93-E93)/100 -> 0 | L93: =+H93*$H$6 -> 0 | M93: =+$I$6*I93 -> 0 | N93: =+J93*$J$6+(K93*15) -> 0 | O93: =+L93+M93+N93 -> 0 | P93: =(O93/G93) -> #DIV/0! | Q93: 200 | R93: =H93 -> 0 | S93: =R93-Q93 -> -200 | T93: =T92-(S93) -> 5788 | U93: Humberto
D94: =1+C94-B94 -> 1 | E94: =F93 -> 0 | G94: =(F94-E94)/100 -> 0 | L94: =+H94*$H$6 -> 0 | M94: =+$I$6*I94 -> 0 | N94: =+J94*$J$6+(K94*15) -> 0 | O94: =+L94+M94+N94 -> 0 | P94: =(O94/G94) -> #DIV/0! | Q94: 200 | R94: =H94 -> 0 | S94: =R94-Q94 -> -200 | T94: =T93-(S94) -> 5988 | U94: hernandez luis
D95: =1+C95-B95 -> 1 | E95: =F94 -> 0 | G95: =(F95-E95)/100 -> 0 | L95: =+H95*$H$6 -> 0 | M95: =+$I$6*I95 -> 0 | N95: =+J95*$J$6+(K95*15) -> 0 | O95: =+L95+M95+N95 -> 0 | P95: =(O95/G95) -> #DIV/0! | Q95: 50 | R95: =H95 -> 0 | S95: =R95-Q95 -> -50 | T95: =T94-(S95) -> 6038 | U95: Oscar Andres
D96: =1+C96-B96 -> 1 | E96: =F95 -> 0 | G96: =(F96-E96)/100 -> 0 | L96: =+H96*$H$6 -> 0 | M96: =+$I$6*I96 -> 0 | N96: =+J96*$J$6+(K96*15) -> 0 | O96: =+L96+M96+N96 -> 0 | P96: =(O96/G96) -> #DIV/0! | Q96: 100 | R96: =H96 -> 0 | S96: =R96-Q96 -> -100 | T96: =T95-(S96) -> 6138 | U96: Yinso Novoa
D97: =1+C97-B97 -> 1 | E97: =F96 -> 0 | G97: =(F97-E97)/100 -> 0 | L97: =+H97*$H$6 -> 0 | M97: =+$I$6*I97 -> 0 | N97: =+J97*$J$6+(K97*15) -> 0 | O97: =+L97+M97+N97 -> 0 | P97: =(O97/G97) -> #DIV/0! | Q97: 200 | R97: =H97 -> 0 | S97: =R97-Q97 -> -200 | T97: =T96-(S97) -> 6338 | U97: Humberto
D98: =1+C98-B98 -> 1 | E98: =F97 -> 0 | G98: 5 | L98: =+H98*$H$6 -> 0 | M98: =+$I$6*I98 -> 0 | N98: =+J98*$J$6+(K98*15) -> 0 | O98: =+L98+M98+N98 -> 0 | P98: =(O98/G98) -> 0 | Q98: 50 | R98: =H98 -> 0 | S98: =R98-Q98 -> -50 | T98: =T97-(S98) -> 6388 | U98: Yinso Novoa
D99: =1+C99-B99 -> 1 | E99: =F98 -> 0 | G99: =(F99-E99)/100 -> 0 | L99: =+H99*$H$6 -> 0 | M99: =+$I$6*I99 -> 0 | N99: =+J99*$J$6+(K99*15) -> 0 | O99: =+L99+M99+N99 -> 0 | P99: =(O99/G99) -> #DIV/0! | Q99: 150 | R99: =H99 -> 0 | S99: =R99-Q99 -> -150 | T99: =T98-(S99) -> 6538 | U99: Humberto
D100: =1+C100-B100 -> 1 | E100: 515530 | G100: =(F100-E100)/100 -> -5155.3 | L100: =+H100*$H$6 -> 0 | M100: =+$I$6*I100 -> 0 | N100: =+J100*$J$6+(K100*15) -> 0 | O100: =+L100+M100+N100 -> 0 | P100: =(O100/G100) -> 0 | Q100: 150 | R100: =H100 -> 0 | S100: =R100-Q100 -> -150 | T100: =T99-(S100) -> 6688 | U100: Yeisson
D101: =1+C101-B101 -> 1 | E101: =F100 -> 0 | G101: 4 | L101: =+H101*$H$6 -> 0 | M101: =+$I$6*I101 -> 0 | N101: =+J101*$J$6+(K101*15) -> 0 | O101: =+L101+M101+N101 -> 0 | Q101: 50 | R101: =H101 -> 0 | S101: =R101-Q101 -> -50 | T101: =T100-(S101) -> 6738 | U101: DAVID
D102: =1+C102-B102 -> 1 | E102: =F101 -> 0 | G102: =(F102-E102)/100 -> 0 | L102: =+H102*$H$6 -> 0 | M102: =+$I$6*I102 -> 0 | N102: =+J102*$J$6+(K102*15) -> 0 | O102: =+L102+M102+N102 -> 0 | P102: =(O102/G102) -> #DIV/0! | Q102: 100 | R102: =H102 -> 0 | S102: =R102-Q102 -> -100 | T102: =T101-(S102) -> 6838 | U102: quejada diego
D103: =1+C103-B103 -> 1 | E103: =F102 -> 0 | G103: =(F103-E103)/100 -> 0 | L103: =+H103*$H$6 -> 0 | M103: =+$I$6*I103 -> 0 | N103: =+J103*$J$6+(K103*15) -> 0 | O103: =+L103+M103+N103 -> 0 | P103: =(O103/G103) -> #DIV/0! | Q103: 100 | R103: =H103 -> 0 | S103: =R103-Q103 -> -100 | T103: =T102-(S103) -> 6938 | U103: Humberto
D104: =1+C104-B104 -> 1 | E104: =F103 -> 0 | G104: =(F104-E104)/100 -> 0 | L104: =+H104*$H$6 -> 0 | M104: =+$I$6*I104 -> 0 | N104: =+J104*$J$6+(K104*15) -> 0 | O104: =+L104+M104+N104 -> 0 | P104: =(O104/G104) -> #DIV/0! | Q104: 50 | R104: =H104 -> 0 | S104: =R104-Q104 -> -50 | T104: =T103-(S104) -> 6988 | U104: luis torres
D105: =1+C105-B105 -> 1 | E105: =F104 -> 0 | G105: =(F105-E105)/100 -> 0 | L105: =+H105*$H$6 -> 0 | M105: =+$I$6*I105 -> 0 | N105: =+J105*$J$6+(K105*15) -> 0 | O105: =+L105+M105+N105 -> 0 | P105: =(O105/G105) -> #DIV/0! | Q105: 100 | R105: =H105 -> 0 | S105: =R105-Q105 -> -100 | T105: =T104-(S105) -> 7088 | U105: Michell Romero
D106: =1+C106-B106 -> 1 | E106: =F105 -> 0 | G106: =(F106-E106)/100 -> 0 | L106: =+H106*$H$6 -> 0 | M106: =+$I$6*I106 -> 0 | N106: =+J106*$J$6+(K106*15) -> 0 | O106: =+L106+M106+N106 -> 0 | P106: =(O106/G106) -> #DIV/0! | Q106: 100 | R106: =H106 -> 0 | S106: =R106-Q106 -> -100 | T106: =T105-(S106) -> 7188 | U106: quejada diego
D107: =1+C107-B107 -> 1 | E107: =F106 -> 0 | G107: =(F107-E107)/100 -> 0 | L107: =+H107*$H$6 -> 0 | M107: =+$I$6*I107 -> 0 | N107: =+J107*$J$6+(K107*15) -> 0 | O107: =+L107+M107+N107 -> 0 | P107: =(O107/G107) -> #DIV/0! | Q107: 150 | R107: 81 | S107: =R107-Q107 -> -69 | T107: =T106-(S107) -> 7257 | U107: Humberto
D108: =1+C108-B108 -> 1 | E108: =F107 -> 0 | G108: =(F108-E108)/100 -> 0 | L108: =+H108*$H$6 -> 0 | M108: =+$I$6*I108 -> 0 | N108: =+J108*$J$6+(K108*15) -> 0 | O108: =+L108+M108+N108 -> 0 | P108: =(O108/G108) -> #DIV/0! | R108: =H108 -> 0 | S108: =R108-Q108 -> 0 | T108: =T107-(S108) -> 7257
D109: =1+C109-B109 -> 1 | E109: =F108 -> 0 | G109: =(F109-E109)/100 -> 0 | L109: =+H109*$H$6 -> 0 | M109: =+$I$6*I109 -> 0 | N109: =+J109*$J$6+(K109*15) -> 0 | O109: =+L109+M109+N109 -> 0 | P109: =(O109/G109) -> #DIV/0! | R109: =H109 -> 0 | S109: =R109-Q109 -> 0 | T109: =T108-(S109) -> 7257
D110: =1+C110-B110 -> 1 | E110: =F109 -> 0 | G110: =(F110-E110)/100 -> 0 | L110: =+H110*$H$6 -> 0 | M110: =+$I$6*I110 -> 0 | N110: =+J110*$J$6+(K110*15) -> 0 | O110: =+L110+M110+N110 -> 0 | P110: =(O110/G110) -> #DIV/0! | R110: =H110 -> 0 | S110: =R110-Q110 -> 0 | T110: =T109-(S110) -> 7257
D111: =1+C111-B111 -> 1 | E111: =F110 -> 0 | G111: =(F111-E111)/100 -> 0 | L111: =+H111*$H$6 -> 0 | M111: =+$I$6*I111 -> 0 | N111: =+J111*$J$6+(K111*15) -> 0 | O111: =+L111+M111+N111 -> 0 | P111: =(O111/G111) -> #DIV/0! | R111: =H111 -> 0 | S111: =R111-Q111 -> 0 | T111: =T110-(S111) -> 7257
D112: =1+C112-B112 -> 1 | E112: =F111 -> 0 | G112: =(F112-E112)/100 -> 0 | L112: =+H112*$H$6 -> 0 | M112: =+$I$6*I112 -> 0 | N112: =+J112*$J$6+(K112*15) -> 0 | O112: =+L112+M112+N112 -> 0 | P112: =(O112/G112) -> #DIV/0! | R112: =H112 -> 0 | S112: =R112-Q112 -> 0 | T112: =T111-(S112) -> 7257
D113: =1+C113-B113 -> 1 | E113: =F112 -> 0 | G113: =(F113-E113)/100 -> 0 | L113: =+H113*$H$6 -> 0 | M113: =+$I$6*I113 -> 0 | N113: =+J113*$J$6+(K113*15) -> 0 | O113: =+L113+M113+N113 -> 0 | P113: =(O113/G113) -> #DIV/0! | R113: =H113 -> 0 | S113: =R113-Q113 -> 0 | T113: =T112-(S113) -> 7257
...

Sheet MAQUINA FINA
A1: COMPAÑÍA OPITA DE FRIO SAS | I1: FINA
A2: CONTROL DE TIEMPO DE PRODUCCION
A3: LINEA DEL AGUA
B4: TIEMPO HORARICA | E4: CONTROL HOROMETRO | H4: PRODUCTOS | K4: OBSERVACIONES
A5: FECHA | B5: HORA INIC | C5: HORA FIN | D5: TIEMP PRENDIDA | E5: HOROM INC | F5: HOROM FIN | G5: TIEMP PROD | H5: BTO ESCARCHA | I5: KIL/PROD BTO | J5: PROD POR HORA | K5: AYUDANTE | L5: OBSERVACION
H6: 25
D7: =1+C7-B7 -> 1 | E7: 10092 | F7: 10092 | G7: =(F7-E7)/100 -> 0 | I7: =+H7*$H$6 -> 0 | J7: =I7/G7 -> #DIV/0! | K7: YINSO NOVOA
D8: =1+C8-B8 -> 1 | E8: =F7 -> 10092 | G8: =(F8-E8)/100 -> -100.92 | I8: =+H8*$H$6 -> 0 | J8: =I8/G8 -> 0 | K8: LUIS TORRES
D9: =1+C9-B9 -> 1 | E9: =F8 -> 0 | G9: =(F9-E9)/100 -> 0 | I9: =+H9*$H$6 -> 0 | J9: =I9/G9 -> #DIV/0! | K9: LUIS TORRES
D10: =1+C10-B10 -> 1 | E10: =F9 -> 0 | G10: =(F10-E10)/100 -> 0 | I10: =+H10*$H$6 -> 0 | J10: =I10/G10 -> #DIV/0! | K10: JAMES QUINTERO
D11: =1+C11-B11 -> 1 | E11: =F10 -> 0 | G11: =(F11-E11)/100 -> 0 | I11: =+H11*$H$6 -> 0 | J11: =I11/G11 -> #DIV/0! | K11: LUIS TORRES | L11: FINA FALLANDO
D12: =1+C12-B12 -> 1 | E12: =F11 -> 0 | G12: =(F12-E12)/100 -> 0 | I12: =+H12*$H$6 -> 0 | J12: =I12/G12 -> #DIV/0! | K12: HUMBERTO
D13: =1+C13-B13 -> 1 | E13: =F12 -> 0 | G13: =(F13-E13)/100 -> 0 | I13: =+H13*$H$6 -> 0 | J13: =I13/G13 -> #DIV/0! | K13: HOLMAN TRUJILLO
D14: =1+C14-B14 -> 1 | E14: =F13 -> 0 | G14: =(F14-E14)/100 -> 0 | I14: =+H14*$H$6 -> 0 | J14: =I14/G14 -> #DIV/0! | K14: YINSO NOVOA
D15: =1+C15-B15 -> 1 | E15: =F14 -> 0 | G15: =(F15-E15)/100 -> 0 | I15: =+H15*$H$6 -> 0 | J15: =I15/G15 -> #DIV/0! | K15: LUIS TORRES
D16: =1+C16-B16 -> 1 | E16: =F15 -> 0 | G16: =(F16-E16)/100 -> 0 | I16: =+H16*$H$6 -> 0 | J16: =I16/G16 -> #DIV/0! | K16: HUMBERTO
D17: =1+C17-B17 -> 1 | E17: =F16 -> 0 | G17: =(F17-E17)/100 -> 0 | I17: =+H17*$H$6 -> 0 | J17: =I17/G17 -> #DIV/0! | K17: MAICOL ROMERO
D18: =1+C18-B18 -> 1 | E18: =F17 -> 0 | G18: =(F18-E18)/100 -> 0 | I18: =+H18*$H$6 -> 0 | J18: =I18/G18 -> #DIV/0! | K18: YINSO NOVOA
D19: =1+C19-B19 -> 1 | E19: =F18 -> 0 | G19: =(F19-E19)/100 -> 0 | I19: =+H19*$H$6 -> 0 | J19: =I19/G19 -> #DIV/0! | K19: LUIS TORRES
D20: =1+C20-B20 -> 1 | E20: =F19 -> 0 | G20: =(F20-E20)/100 -> 0 | I20: =+H20*$H$6 -> 0 | J20: =I20/G20 -> #DIV/0! | K20: HUMBERTO
D21: =1+C21-B21 -> 1 | G21: =(F21-E21)/100 -> 0 | I21: =+H21*$H$6 -> 0 | J21: =I21/G21 -> #DIV/0!
D22: =1+C22-B22 -> 1 | E22: =F21 -> 0 | G22: =(F22-E22)/100 -> 0 | I22: =+H22*$H$6 -> 0 | J22: =I22/G22 -> #DIV/0! | L22: MAQUINA FALLANDO
D23: =1+C23-B23 -> 1 | E23: =F22 -> 0 | G23: =(F23-E23)/100 -> 0 | I23: =+H23*$H$6 -> 0 | J23: =I23/G23 -> #DIV/0!
D24: =1+C24-B24 -> 1 | E24: =F23 -> 0 | G24: =(F24-E24)/100 -> 0 | I24: =+H24*$H$6 -> 0 | J24: =I24/G24 -> #DIV/0! | L24: MAQUINA FALLANDO
D25: =1+C25-B25 -> 1 | E25: =F24 -> 0 | G25: =(F25-E25)/100 -> 0 | I25: =+H25*$H$6 -> 0 | J25: =I25/G25 -> #DIV/0!
D26: =1+C26-B26 -> 1 | E26: =F25 -> 0 | G26: =(F26-E26)/100 -> 0 | I26: =+H26*$H$6 -> 0 | J26: =I26/G26 -> #DIV/0!
D27: =1+C27-B27 -> 1 | E27: =F26 -> 0 | G27: =(F27-E27)/100 -> 0 | I27: =+H27*$H$6 -> 0 | J27: =I27/G27 -> #DIV/0!
D28: =1+C28-B28 -> 1 | E28: =F27 -> 0 | G28: =(F28-E28)/100 -> 0 | I28: =+H28*$H$6 -> 0 | J28: =I28/G28 -> #DIV/0! | L28: MAQUINA FALLANDO
D29: =1+C29-B29 -> 1 | E29: =F28 -> 0 | G29: =(F29-E29)/100 -> 0 | I29: =+H29*$H$6 -> 0 | J29: =I29/G29 -> #DIV/0!
D30: =1+C30-B30 -> 1 | E30: =F29 -> 0 | G30: =(F30-E30)/100 -> 0 | I30: =+H30*$H$6 -> 0 | J30: =I30/G30 -> #DIV/0!
D31: =1+C31-B31 -> 1 | E31: =F30 -> 0 | G31: =(F31-E31)/100 -> 0 | I31: =+H31*$H$6 -> 0 | J31: =I31/G31 -> #DIV/0!
D32: =1+C32-B32 -> 1 | E32: =F31 -> 0 | G32: =(F32-E32)/100 -> 0 | I32: =+H32*$H$6 -> 0 | J32: =I32/G32 -> #DIV/0! | L32: MAQUINA FALLANDO
D33: =1+C33-B33 -> 1 | E33: =F32 -> 0 | G33: =(F33-E33)/100 -> 0 | I33: =+H33*$H$6 -> 0 | J33: =I33/G33 -> #DIV/0! | L33: MAQUINA FALLANDO
D34: =1+C34-B34 -> 1 | E34: =F33 -> 0 | G34: =(F34-E34)/100 -> 0 | I34: =+H34*$H$6 -> 0 | J34: =I34/G34 -> #DIV/0! | L34: MAQUINA FALLANDO
D35: =1+C35-B35 -> 1 | E35: =F34 -> 0 | G35: =(F35-E35)/100 -> 0 | I35: =+H35*$H$6 -> 0 | J35: =I35/G35 -> #DIV/0!
D36: =1+C36-B36 -> 1 | E36: =F35 -> 0 | G36: =(F36-E36)/100 -> 0 | I36: =+H36*$H$6 -> 0 | J36: =I36/G36 -> #DIV/0!
D37: =1+C37-B37 -> 1 | E37: =F36 -> 0 | G37: =(F37-E37)/100 -> 0 | I37: =+H37*$H$6 -> 0 | J37: =I37/G37 -> #DIV/0!
D38: =1+C38-B38 -> 1 | E38: =F37 -> 0 | G38: =(F38-E38)/100 -> 0 | I38: =+H38*$H$6 -> 0 | J38: =I38/G38 -> #DIV/0!
D39: =1+C39-B39 -> 1 | E39: =F38 -> 0 | G39: =(F39-E39)/100 -> 0 | I39: =+H39*$H$6 -> 0 | J39: =I39/G39 -> #DIV/0!
D40: =1+C40-B40 -> 1 | E40: =F39 -> 0 | G40: =(F40-E40)/100 -> 0 | I40: =+H40*$H$6 -> 0 | J40: =I40/G40 -> #DIV/0!
D41: =1+C41-B41 -> 1 | E41: =F40 -> 0 | G41: =(F41-E41)/100 -> 0 | I41: =+H41*$H$6 -> 0 | J41: =I41/G41 -> #DIV/0!
D42: =1+C42-B42 -> 1 | E42: =F41 -> 0 | G42: =(F42-E42)/100 -> 0 | I42: =+H42*$H$6 -> 0 | J42: =I42/G42 -> #DIV/0!
D43: =1+C43-B43 -> 1 | E43: =F42 -> 0 | G43: =(F43-E43)/100 -> 0 | I43: =+H43*$H$6 -> 0 | J43: =I43/G43 -> #DIV/0!
D44: =1+C44-B44 -> 1 | E44: =F43 -> 0 | G44: =(F44-E44)/100 -> 0 | I44: =+H44*$H$6 -> 0 | J44: =I44/G44 -> #DIV/0!
D45: =1+C45-B45 -> 1 | E45: =F44 -> 0 | G45: =(F45-E45)/100 -> 0 | I45: =+H45*$H$6 -> 0 | J45: =I45/G45 -> #DIV/0!
D46: =1+C46-B46 -> 1 | E46: =F45 -> 0 | G46: =(F46-E46)/100 -> 0 | I46: =+H46*$H$6 -> 0 | J46: =I46/G46 -> #DIV/0!
... D52: =1+C52-B52 -> 1 | E52: =F51 -> 0 | G52: =(F52-E52)/100 -> 0 | I52: =+H52*$H$6 -> 0 | J52: =I52/G52 -> #DIV/0!
D53: =1+C53-B53 -> 1 | E53: =F52 -> 0 | G53: =(F53-E53)/100 -> 0 | I53: =+H53*$H$6 -> 0 | J53: =I53/G53 -> #DIV/0! | L53: MAQUINA EN MANTENIMIENTO
D54: =1+C54-B54 -> 1 | E54: =F53 -> 0 | G54: =(F54-E54)/100 -> 0 | I54: =+H54*$H$6 -> 0 | J54: =I54/G54 -> #DIV/0!
D55: =1+C55-B55 -> 1 | E55: =F54 -> 0 | G55: =(F55-E55)/100 -> 0 | I55: =+H55*$H$6 -> 0 | J55: =I55/G55 -> #DIV/0!
D56: =1+C56-B56 -> 1 | E56: =F55 -> 0 | G56: =(F56-E56)/100 -> 0 | I56: =+H56*$H$6 -> 0 | J56: =I56/G56 -> #DIV/0!
D57: =1+C57-B57 -> 1 | E57: =F56 -> 0 | G57: =(F57-E57)/100 -> 0 | I57: =+H57*$H$6 -> 0 | J57: =I57/G57 -> #DIV/0!
D58: =1+C58-B58 -> 1 | E58: =F57 -> 0 | G58: =(F58-E58)/100 -> 0 | I58: =+H58*$H$6 -> 0 | J58: =I58/G58 -> #DIV/0!
D59: =1+C59-B59 -> 1 | E59: =F58 -> 0 | G59: =(F59-E59)/100 -> 0 | I59: =+H59*$H$6 -> 0 | J59: =I59/G59 -> #DIV/0!
D60: =1+C60-B60 -> 1 | E60: =F59 -> 0 | G60: =(F60-E60)/100 -> 0 | I60: =+H60*$H$6 -> 0 | J60: =I60/G60 -> #DIV/0!
D61: =1+C61-B61 -> 1 | E61: =F60 -> 0 | G61: =(F61-E61)/100 -> 0 | I61: =+H61*$H$6 -> 0 | J61: =I61/G61 -> #DIV/0!
D62: =1+C62-B62 -> 1 | E62: =F61 -> 0 | G62: =(F62-E62)/100 -> 0 | I62: =+H62*$H$6 -> 0 | J62: =I62/G62 -> #DIV/0!
D63: =1+C63-B63 -> 1 | E63: =F62 -> 0 | G63: =(F63-E63)/100 -> 0 | I63: =+H63*$H$6 -> 0 | J63: =I63/G63 -> #DIV/0!
D64: =1+C64-B64 -> 1 | E64: =F63 -> 0 | G64: =(F64-E64)/100 -> 0 | I64: =+H64*$H$6 -> 0 | J64: =I64/G64 -> #DIV/0!
D65: =1+C65-B65 -> 1 | E65: =F64 -> 0 | G65: =(F65-E65)/100 -> 0 | I65: =+H65*$H$6 -> 0 | J65: =I65/G65 -> #DIV/0!
... D69: =1+C69-B69 -> 1 | E69: =F68 -> 0 | G69: =(F69-E69)/100 -> 0 | I69: =+H69*$H$6 -> 0 | J69: =I69/G69 -> #DIV/0!
D70: =1+C70-B70 -> 1 | E70: =F69 -> 0 | G70: =(F70-E70)/100 -> 0 | I70: =+H70*$H$6 -> 0 | J70: =I70/G70 -> #DIV/0! | L70: MAQUINA FALLANDO
D71: =1+C71-B71 -> 1 | E71: =F70 -> 0 | G71: =(F71-E71)/100 -> 0 | I71: =+H71*$H$6 -> 0 | J71: =I71/G71 -> #DIV/0!
D72: =1+C72-B72 -> 1 | E72: =F71 -> 0 | G72: =(F72-E72)/100 -> 0 | I72: =+H72*$H$6 -> 0 | J72: =I72/G72 -> #DIV/0!
D73: =1+C73-B73 -> 1 | E73: =F72 -> 0 | G73: =(F73-E73)/100 -> 0 | I73: =+H73*$H$6 -> 0 | J73: =I73/G73 -> #DIV/0!
D74: =1+C74-B74 -> 1 | E74: =F73 -> 0 | G74: =(F74-E74)/100 -> 0 | I74: =+H74*$H$6 -> 0 | J74: =I74/G74 -> #DIV/0!
D75: =1+C75-B75 -> 1 | E75: =F74 -> 0 | G75: =(F75-E75)/100 -> 0 | I75: =+H75*$H$6 -> 0 | J75: =I75/G75 -> #DIV/0!
D76: =1+C76-B76 -> 1 | E76: =F75 -> 0 | G76: =(F76-E76)/100 -> 0 | I76: =+H76*$H$6 -> 0 | J76: =I76/G76 -> #DIV/0! | L76: MAQUINA FALLANDO
D77: =1+C77-B77 -> 1 | E77: =F76 -> 0 | G77: =(F77-E77)/100 -> 0 | I77: =+H77*$H$6 -> 0 | J77: =I77/G77 -> #DIV/0!
D78: =1+C78-B78 -> 1 | G78: =(F78-E78)/100 -> 0 | I78: =+H78*$H$6 -> 0 | J78: =I78/G78 -> #DIV/0!
D79: =1+C79-B79 -> 1 | E79: =F78 -> 0 | G79: =(F79-E79)/100 -> 0 | I79: =+H79*$H$6 -> 0 | J79: =I79/G79 -> #DIV/0!
D80: =1+C80-B80 -> 1 | E80: =F79 -> 0 | G80: =(F80-E80)/100 -> 0 | I80: =+H80*$H$6 -> 0 | J80: =I80/G80 -> #DIV/0!
D81: =1+C81-B81 -> 1 | E81: =F80 -> 0 | G81: =(F81-E81)/100 -> 0 | I81: =+H81*$H$6 -> 0 | J81: =I81/G81 -> #DIV/0!
D82: =1+C82-B82 -> 1 | E82: =F81 -> 0 | G82: =(F82-E82)/100 -> 0 | I82: =+H82*$H$6 -> 0 | J82: =I82/G82 -> #DIV/0!
D83: =1+C83-B83 -> 1 | E83: =F82 -> 0 | G83: =(F83-E83)/100 -> 0 | I83: =+H83*$H$6 -> 0 | J83: =I83/G83 -> #DIV/0!
D84: =1+C84-B84 -> 1 | E84: =F83 -> 0 | G84: =(F84-E84)/100 -> 0 | I84: =+H84*$H$6 -> 0 | J84: =I84/G84 -> #DIV/0!
D85: =1+C85-B85 -> 1 | E85: =F84 -> 0 | G85: =(F85-E85)/100 -> 0 | I85: =+H85*$H$6 -> 0 | J85: =I85/G85 -> #DIV/0!
D86: =1+C86-B86 -> 1 | E86: =F85 -> 0 | G86: =(F86-E86)/100 -> 0 | I86: =+H86*$H$6 -> 0 | J86: =I86/G86 -> #DIV/0!
D87: =1+C87-B87 -> 1 | E87: =F86 -> 0 | G87: =(F87-E87)/100 -> 0 | I87: =+H87*$H$6 -> 0 | J87: =I87/G87 -> #DIV/0!
D88: =1+C88-B88 -> 1 | E88: =F87 -> 0 | G88: =(F88-E88)/100 -> 0 | I88: =+H88*$H$6 -> 0 | J88: =I88/G88 -> #DIV/0!
D89: =1+C89-B89 -> 1 | E89: =F88 -> 0 | G89: =(F89-E89)/100 -> 0 | I89: =+H89*$H$6 -> 0 | J89: =I89/G89 -> #DIV/0!
D90: =1+C90-B90 -> 1 | E90: =F89 -> 0 | G90: =(F90-E90)/100 -> 0 | I90: =+H90*$H$6 -> 0 | J90: =I90/G90 -> #DIV/0!
... D148: =1+C148-B148 -> 1 | E148: =F147 -> 0 | G148: =(F148-E148)/100 -> 0 | I148: =+H148*$H$6 -> 0 | J148: =I148/G148 -> #DIV/0!
D149: =1+C149-B149 -> 1 | E149: HORAS TRABAJADAS | F149: =SUM(G7:G148) -> -100.92
E150: DIAS TRABAJADOS | F150: =F149/24 -> -4.205
A1048576: 45103

Sheet COMPACTADORA
A1: COMPAÑÍA OPITA DE FRIO SAS | E1: COMPACTADORA | Q1: COMPRESOR
A2: CONTROL DE TIEMPO DE PRODUCCION
A3: LINEA TUBULAR
B4: TIEMPO HORARICA | E4: CONTROL HOROMETRO | H4: PRODUCTOS | O4: OBSERVACIONES | Q4: MYCOM 6B | T4: MYCOM 4B
A5: FECHA | B5: HORA INIC | C5: HORA FIN | D5: TIEMP PRENDIDA | E5: HOROM INC | F5: HOROM FIN | G5: TIEMP PROD | H5: BLOQUE 12,5 K | I5: BLOQUE 25 K | J5: BLOQUE 30 K | K5: BOLSA 15 KG | L5: BTO 25 KG | M5: KILOS PROD | N5: PROD POR HORA | O5: AYUDANTE | P5: OBSERVACION | Q5: HOROM INC | R5: HOROM FIN | S5: TIEMP PROD | T5: HOROM INC | U5: HOROM FIN | V5: TIEMP PROD
H6: 12.5 | I6: 25 | J6: 30 | K6: 15 | L6: 25
D7: =1+C7-B7 -> 1 | E7: 693448 | G7: =(F7-E7)/100 -> -6934.48 | M7: =+(H7*($H$6))+(J7*($J$6))+(K7*($K$6))+(L7*($L$6)) -> 0 | N7: =+M7/G7 -> 0 | O7: Humberto Vasquez | Q7: 89879 | R7: 90411 | S7: =(R7-Q7)/10 -> 53.2 | T7: 1011759 | U7: 1012288 | V7: =(U7-T7)/100 -> 5.29
D8: =1+C8-B8 -> 1 | E8: =F7 -> 0 | G8: =(F8-E8)/100 -> 0 | M8: =+(H8*($H$6))+(J8*($J$6))+(K8*($K$6))+(L8*($L$6)) -> 0 | N8: =+M8/G8 -> #DIV/0! | O8: Yinso Novoa | Q8: =R7 -> 90411 | R8: 90476 | S8: =(R8-Q8)/10 -> 6.5 | T8: =U7 -> 1012288 | U8: 1013799 | V8: =(U8-T8)/100 -> 15.11
D9: =1+C9-B9 -> 1 | E9: =F8 -> 0 | G9: =(F9-E9)/100 -> 0 | M9: =+(H9*($H$6))+(J9*($J$6))+(K9*($K$6))+(L9*($L$6)) -> 0 | N9: =+M9/G9 -> #DIV/0! | O9: Humberto Vasquez | Q9: =R8 -> 90476 | R9: 90476 | S9: =(R9-Q9)/10 -> 0 | T9: =U8 -> 1013799 | U9: 1014362 | V9: =(U9-T9)/100 -> 5.63
D10: =1+C10-B10 -> 1 | E10: =F9 -> 0 | G10: =(F10-E10)/100 -> 0 | M10: =+(H10*($H$6))+(J10*($J$6))+(K10*($K$6))+(L10*($L$6)) -> 0 | N10: =+M10/G10 -> #DIV/0! | O10: Diego Uribe | Q10: =R9 -> 90476 | R10: 91590 | S10: =(R10-Q10)/10 -> 111.4 | T10: =U9 -> 1014362 | U10: 1016207 | V10: =(U10-T10)/100 -> 18.45
D11: =1+C11-B11 -> 1 | E11: =F10 -> 0 | G11: =(F11-E11)/100 -> 0 | M11: =+(H11*($H$6))+(J11*($J$6))+(K11*($K$6))+(L11*($L$6)) -> 0 | N11: =+M11/G11 -> #DIV/0! | O11: Yinso Novoa | Q11: =R10 -> 91590 | R11: 94369 | S11: =(R11-Q11)/10 -> 277.9 | T11: =U10 -> 1016207 | U11: 1016207 | V11: =(U11-T11)/100 -> 0
D12: =1+C12-B12 -> 1 | E12: =F11 -> 0 | G12: =(F12-E12)/100 -> 0 | M12: =+(H12*($H$6))+(J12*($J$6))+(K12*($K$6))+(L12*($L$6)) -> 0 | N12: =+M12/G12 -> #DIV/0! | O12: Diego Uribe | Q12: =R11 -> 94369 | R12: 95942 | S12: =(R12-Q12)/10 -> 157.3 | T12: =U11 -> 1016207 | U12: 1016207 | V12: =(U12-T12)/100 -> 0
D13: =1+C13-B13 -> 1 | E13: =F12 -> 0 | G13: =(F13-E13)/100 -> 0 | M13: =+(H13*($H$6))+(J13*($J$6))+(K13*($K$6))+(L13*($L$6)) -> 0 | N13: =+M13/G13 -> #DIV/0! | O13: Humberto Vasquez | Q13: =R12 -> 95942 | R13: 99130 | S13: =(R13-Q13)/10 -> 318.8 | T13: =U12 -> 1016207 | U13: 1016207 | V13: =(U13-T13)/100 -> 0
D14: =1+C14-B14 -> 1 | E14: =F13 -> 0 | G14: =(F14-E14)/100 -> 0 | M14: =+(H14*($H$6))+(J14*($J$6))+(K14*($K$6))+(L14*($L$6)) -> 0 | N14: =+M14/G14 -> #DIV/0! | O14: Luis Hernandez | Q14: =R13 -> 99130 | R14: 99893 | S14: =(R14-Q14)/10 -> 76.3 | T14: =U13 -> 1016207 | U14: 1016207 | V14: =(U14-T14)/100 -> 0
D15: =1+C15-B15 -> 1 | E15: =F14 -> 0 | G15: =(F15-E15)/100 -> 0 | M15: =+(H15*($H$6))+(J15*($J$6))+(K15*($K$6))+(L15*($L$6)) -> 0 | N15: =+M15/G15 -> #DIV/0! | O15: Yinso Novoa | Q15: =R14 -> 99893 | R15: 100591 | S15: =(R15-Q15)/10 -> 69.8 | T15: =U14 -> 1016207 | U15: 1016207 | V15: =(U15-T15)/100 -> 0
D16: =1+C16-B16 -> 1 | E16: =F15 -> 0 | G16: =(F16-E16)/100 -> 0 | M16: =+(H16*($H$6))+(J16*($J$6))+(K16*($K$6))+(L16*($L$6)) -> 0 | N16: =+M16/G16 -> #DIV/0! | O16: Humberto Vasquez | Q16: =R15 -> 100591 | R16: 101372 | S16: =(R16-Q16)/10 -> 78.1 | T16: =U15 -> 1016207 | U16: 1016207 | V16: =(U16-T16)/100 -> 0
D17: =1+C17-B17 -> 1 | E17: =F16 -> 0 | G17: =(F17-E17)/100 -> 0 | M17: =+(H17*($H$6))+(J17*($J$6))+(K17*($K$6))+(L17*($L$6)) -> 0 | N17: =+M17/G17 -> #DIV/0! | O17: Luis Hernandez | Q17: =R16 -> 101372 | R17: 102182 | S17: =(R17-Q17)/10 -> 81 | T17: =U16 -> 1016207 | U17: 1016207 | V17: =(U17-T17)/100 -> 0
D18: =1+C18-B18 -> 1 | E18: =F17 -> 0 | G18: =(F18-E18)/100 -> 0 | M18: =+(H18*($H$6))+(J18*($J$6))+(K18*($K$6))+(L18*($L$6)) -> 0 | N18: =+M18/G18 -> #DIV/0! | O18: Yinso Novoa | Q18: =R17 -> 102182 | R18: 102959 | S18: =(R18-Q18)/10 -> 77.7 | T18: =U17 -> 1016207 | U18: 1016207 | V18: =(U18-T18)/100 -> 0
D19: =1+C19-B19 -> 1 | E19: =F18 -> 0 | G19: =(F19-E19)/100 -> 0 | M19: =+(H19*($H$6))+(J19*($J$6))+(K19*($K$6))+(L19*($L$6)) -> 0 | N19: =+M19/G19 -> #DIV/0! | O19: Humberto Vasquez | Q19: =R18 -> 102959 | R19: 103754 | S19: =(R19-Q19)/10 -> 79.5 | T19: =U18 -> 1016207 | U19: 1016207 | V19: =(U19-T19)/100 -> 0
D20: =1+C20-B20 -> 1 | E20: =F19 -> 0 | G20: =(F20-E20)/100 -> 0 | M20: =+(H20*($H$6))+(J20*($J$6))+(K20*($K$6))+(L20*($L$6)) -> 0 | N20: =+M20/G20 -> #DIV/0! | O20: Luis Hernandez | Q20: =R19 -> 103754 | R20: 104545 | S20: =(R20-Q20)/10 -> 79.1 | T20: =U19 -> 1016207 | U20: 1016207 | V20: =(U20-T20)/100 -> 0
D21: =1+C21-B21 -> 1 | E21: =F20 -> 0 | G21: =(F21-E21)/100 -> 0 | M21: =+(H21*($H$6))+(J21*($J$6))+(K21*($K$6))+(L21*($L$6)) -> 0 | N21: =+M21/G21 -> #DIV/0! | O21: Yinso Novoa | Q21: =R20 -> 104545 | R21: 106421 | S21: =(R21-Q21)/100 -> 18.76 | T21: =U20 -> 1016207 | U21: 1020240 | V21: =(U21-T21)/100 -> 40.33
D22: =1+C22-B22 -> 1 | E22: =F21 -> 0 | G22: =(F22-E22)/100 -> 0 | M22: =+(H22*($H$6))+(J22*($J$6))+(K22*($K$6))+(L22*($L$6)) -> 0 | N22: =+M22/G22 -> #DIV/0! | O22: Humberto Vasquez | Q22: =R21 -> 106421 | R22: 108810 | S22: =(R22-Q22)/100 -> 23.89 | T22: =U21 -> 1020240 | U22: 1020240 | V22: =(U22-T22)/100 -> 0
D23: =1+C23-B23 -> 1 | E23: =F22 -> 0 | G23: =(F23-E23)/100 -> 0 | M23: =+(H23*($H$6))+(J23*($J$6))+(K23*($K$6))+(L23*($L$6)) -> 0 | N23: =+M23/G23 -> #DIV/0! | O23: Diego Uribe | Q23: =R22 -> 108810 | R23: 109561 | S23: =(R23-Q23)/100 -> 7.51 | T23: =U22 -> 1020240 | U23: 1020240 | V23: =(U23-T23)/100 -> 0
D24: =1+C24-B24 -> 1 | E24: =F23 -> 0 | G24: =(F24-E24)/100 -> 0 | M24: =+(H24*($H$6))+(J24*($J$6))+(K24*($K$6))+(L24*($L$6)) -> 0 | N24: =+M24/G24 -> #DIV/0! | O24: Hernandez Luis | Q24: =R23 -> 109561 | R24: 114299 | S24: =(R24-Q24)/100 -> 47.38 | T24: =U23 -> 1020240 | U24: 1020240 | V24: =(U24-T24)/100 -> 0
D25: =1+C25-B25 -> 1 | E25: =F24 -> 0 | G25: =(F25-E25)/100 -> 0 | M25: =+(H25*($H$6))+(J25*($J$6))+(K25*($K$6))+(L25*($L$6)) -> 0 | N25: =+M25/G25 -> #DIV/0! | O25: Diego Uribe | Q25: =R24 -> 114299 | R25: 118967 | S25: =(R25-Q25)/100 -> 46.68 | T25: =U24 -> 1020240 | U25: 1020240 | V25: =(U25-T25)/100 -> 0
D26: =1+C26-B26 -> 1 | E26: =F25 -> 0 | G26: =(F26-E26)/100 -> 0 | M26: =+(H26*($H$6))+(J26*($J$6))+(K26*($K$6))+(L26*($L$6)) -> 0 | N26: =+M26/G26 -> #DIV/0! | O26: Diego Uribe | Q26: =R25 -> 118967 | R26: 121331 | S26: =(R26-Q26)/100 -> 23.64 | T26: =U25 -> 1020240 | U26: 1020240 | V26: =(U26-T26)/100 -> 0
D27: =1+C27-B27 -> 1 | E27: =F26 -> 0 | G27: =(F27-E27)/100 -> 0 | M27: =+(H27*($H$6))+(J27*($J$6))+(K27*($K$6))+(L27*($L$6)) -> 0 | N27: =+M27/G27 -> #DIV/0! | O27: Diego Uribe | Q27: =R26 -> 121331 | R27: 123995 | S27: =(R27-Q27)/100 -> 26.64 | T27: =U26 -> 1020240 | U27: 1020240 | V27: =(U27-T27)/100 -> 0
D28: =1+C28-B28 -> 1 | E28: =F27 -> 0 | G28: =(F28-E28)/100 -> 0 | M28: =+(H28*($H$6))+(J28*($J$6))+(K28*($K$6))+(L28*($L$6)) -> 0 | N28: =+M28/G28 -> #DIV/0! | O28: Diego Uribe | Q28: =R27 -> 123995 | R28: 125844 | S28: =(R28-Q28)/100 -> 18.49 | T28: =U27 -> 1020240 | U28: 1020240 | V28: =(U28-T28)/100 -> 0
D29: =1+C29-B29 -> 1 | E29: =F28 -> 0 | G29: =(F29-E29)/100 -> 0 | M29: =+(H29*($H$6))+(J29*($J$6))+(K29*($K$6))+(L29*($L$6)) -> 0 | N29: =+M29/G29 -> #DIV/0! | O29: Yinso Novoa | Q29: =R28 -> 125844 | R29: 127223 | S29: =(R29-Q29)/100 -> 13.79 | T29: =U28 -> 1020240 | U29: 1020240 | V29: =(U29-T29)/100 -> 0
D30: =1+C30-B30 -> 1 | G30: =(F30-E30)/100 -> 0 | M30: =+(H30*($H$6))+(J30*($J$6))+(K30*($K$6))+(L30*($L$6)) -> 0 | N30: =+M30/G30 -> #DIV/0! | Q30: =R29 -> 127223 | S30: =(R30-Q30)/100 -> -1272.23 | V30: =(U30-T30)/100 -> 0
D31: =1+C31-B31 -> 1 | E31: =F30 -> 0 | G31: =(F31-E31)/100 -> 0 | M31: =+(H31*($H$6))+(J31*($J$6))+(K31*($K$6))+(L31*($L$6)) -> 0 | N31: =+M31/G31 -> #DIV/0! | Q31: =R30 -> 0 | S31: =(R31-Q31)/100 -> 0 | T31: =U30 -> 0 | V31: =(U31-T31)/100 -> 0
D32: =1+C32-B32 -> 1 | G32: =(F32-E32)/100 -> 0 | M32: =+(H32*($H$6))+(J32*($J$6))+(K32*($K$6))+(L32*($L$6)) -> 0 | N32: =+M32/G32 -> #DIV/0! | Q32: =R31 -> 0 | S32: =(R32-Q32)/100 -> 0 | T32: =U31 -> 0 | V32: =(U32-T32)/100 -> 0
D33: =1+C33-B33 -> 1 | E33: =F32 -> 0 | G33: =(F33-E33)/100 -> 0 | M33: =+(H33*($H$6))+(J33*($J$6))+(K33*($K$6))+(L33*($L$6)) -> 0 | N33: =+M33/G33 -> #DIV/0! | Q33: =R32 -> 0 | S33: =(R33-Q33)/100 -> 0 | T33: =U32 -> 0 | V33: =(U33-T33)/100 -> 0
D34: =1+C34-B34 -> 1 | E34: =F33 -> 0 | G34: =(F34-E34)/100 -> 0 | M34: =+(H34*($H$6))+(J34*($J$6))+(K34*($K$6))+(L34*($L$6)) -> 0 | N34: =+M34/G34 -> #DIV/0! | Q34: =R33 -> 0 | S34: =(R34-Q34)/100 -> 0 | T34: =U33 -> 0 | V34: =(U34-T34)/100 -> 0
D35: =1+C35-B35 -> 1 | E35: =F34 -> 0 | G35: =(F35-E35)/100 -> 0 | M35: =+(H35*($H$6))+(J35*($J$6))+(K35*($K$6))+(L35*($L$6)) -> 0 | N35: =+M35/G35 -> #DIV/0! | Q35: =R34 -> 0 | S35: =(R35-Q35)/100 -> 0 | T35: =U34 -> 0 | V35: =(U35-T35)/100 -> 0
D36: =1+C36-B36 -> 1 | E36: =F35 -> 0 | G36: =(F36-E36)/100 -> 0 | M36: =+(H36*($H$6))+(J36*($J$6))+(K36*($K$6))+(L36*($L$6)) -> 0 | N36: =+M36/G36 -> #DIV/0! | Q36: =R35 -> 0 | S36: =(R36-Q36)/100 -> 0 | T36: =U35 -> 0 | V36: =(U36-T36)/100 -> 0
D37: =1+C37-B37 -> 1 | E37: =F36 -> 0 | G37: =(F37-E37)/100 -> 0 | M37: =+(H37*($H$6))+(J37*($J$6))+(K37*($K$6))+(L37*($L$6)) -> 0 | N37: =+M37/G37 -> #DIV/0! | Q37: =R36 -> 0 | S37: =(R37-Q37)/100 -> 0 | T37: =U36 -> 0 | V37: =(U37-T37)/100 -> 0
D38: =1+C38-B38 -> 1 | G38: =(F38-E38)/100 -> 0 | M38: =+(H38*($H$6))+(J38*($J$6))+(K38*($K$6))+(L38*($L$6)) -> 0 | N38: =+M38/G38 -> #DIV/0! | Q38: =R37 -> 0 | S38: =(R38-Q38)/100 -> 0 | T38: =U37 -> 0 | V38: =(U38-T38)/100 -> 0
D39: =1+C39-B39 -> 1 | E39: =F38 -> 0 | G39: =(F39-E39)/100 -> 0 | M39: =+(H39*($H$6))+(J39*($J$6))+(K39*($K$6))+(L39*($L$6)) -> 0 | N39: =+M39/G39 -> #DIV/0! | Q39: =R38 -> 0 | S39: =(R39-Q39)/100 -> 0 | T39: =U38 -> 0 | V39: =(U39-T39)/100 -> 0
D40: =1+C40-B40 -> 1 | E40: =F39 -> 0 | G40: =(F40-E40)/100 -> 0 | M40: =+(H40*($H$6))+(J40*($J$6))+(K40*($K$6))+(L40*($L$6)) -> 0 | N40: =+M40/G40 -> #DIV/0! | Q40: =R39 -> 0 | S40: =(R40-Q40)/100 -> 0 | T40: =U39 -> 0 | V40: =(U40-T40)/100 -> 0
D41: =1+C41-B41 -> 1 | E41: =F40 -> 0 | G41: =(F41-E41)/100 -> 0 | M41: =+(H41*($H$6))+(J41*($J$6))+(K41*($K$6))+(L41*($L$6)) -> 0 | N41: =+M41/G41 -> #DIV/0! | Q41: =R40 -> 0 | S41: =(R41-Q41)/100 -> 0 | T41: =U40 -> 0 | V41: =(U41-T41)/100 -> 0
D42: =1+C42-B42 -> 1 | E42: =F41 -> 0 | G42: =(F42-E42)/100 -> 0 | M42: =+(H42*($H$6))+(J42*($J$6))+(K42*($K$6))+(L42*($L$6)) -> 0 | N42: =+M42/G42 -> #DIV/0! | Q42: =R41 -> 0 | S42: =(R42-Q42)/100 -> 0 | T42: =U41 -> 0 | V42: =(U42-T42)/100 -> 0
D43: =1+C43-B43 -> 1 | E43: =F42 -> 0 | G43: =(F43-E43)/100 -> 0 | M43: =+(H43*($H$6))+(J43*($J$6))+(K43*($K$6))+(L43*($L$6)) -> 0 | N43: =+M43/G43 -> #DIV/0! | Q43: =R42 -> 0 | S43: =(R43-Q43)/100 -> 0 | T43: =U42 -> 0 | V43: =(U43-T43)/100 -> 0
D44: =1+C44-B44 -> 1 | E44: =F43 -> 0 | G44: =(F44-E44)/100 -> 0 | M44: =+(H44*($H$6))+(J44*($J$6))+(K44*($K$6))+(L44*($L$6)) -> 0 | N44: =+M44/G44 -> #DIV/0! | Q44: =R43 -> 0 | S44: =(R44-Q44)/100 -> 0 | T44: =U43 -> 0 | V44: =(U44-T44)/100 -> 0
D45: =1+C45-B45 -> 1 | E45: =F44 -> 0 | G45: =(F45-E45)/100 -> 0 | M45: =+(H45*($H$6))+(J45*($J$6))+(K45*($K$6))+(L45*($L$6)) -> 0 | N45: =+M45/G45 -> #DIV/0! | Q45: =R44 -> 0 | S45: =(R45-Q45)/100 -> 0 | T45: =U44 -> 0 | V45: =(U45-T45)/100 -> 0
D46: =1+C46-B46 -> 1 | E46: =F45 -> 0 | G46: =(F46-E46)/100 -> 0 | M46: =+(H46*($H$6))+(J46*($J$6))+(K46*($K$6))+(L46*($L$6)) -> 0 | N46: =+M46/G46 -> #DIV/0! | Q46: =R45 -> 0 | S46: =(R46-Q46)/100 -> 0 | T46: =U45 -> 0 | V46: =(U46-T46)/100 -> 0
D47: =1+C47-B47 -> 1 | E47: =F46 -> 0 | G47: =(F47-E47)/100 -> 0 | M47: =+(H47*($H$6))+(J47*($J$6))+(K47*($K$6))+(L47*($L$6)) -> 0 | N47: =+M47/G47 -> #DIV/0! | Q47: =R46 -> 0 | S47: =(R47-Q47)/100 -> 0 | T47: =U46 -> 0 | V47: =(U47-T47)/100 -> 0
D48: =1+C48-B48 -> 1 | E48: =F47 -> 0 | G48: =(F48-E48)/100 -> 0 | M48: =+(H48*($H$6))+(J48*($J$6))+(K48*($K$6))+(L48*($L$6)) -> 0 | N48: =+M48/G48 -> #DIV/0! | Q48: =R47 -> 0 | S48: =(R48-Q48)/100 -> 0 | T48: =U47 -> 0 | V48: =(U48-T48)/100 -> 0
D49: =1+C49-B49 -> 1 | E49: =F48 -> 0 | G49: =(F49-E49)/100 -> 0 | M49: =+(H49*($H$6))+(J49*($J$6))+(K49*($K$6))+(L49*($L$6)) -> 0 | N49: =+M49/G49 -> #DIV/0! | Q49: =R48 -> 0 | S49: =(R49-Q49)/100 -> 0 | T49: =U48 -> 0 | V49: =(U49-T49)/100 -> 0
D50: =1+C50-B50 -> 1 | E50: =F49 -> 0 | G50: =(F50-E50)/100 -> 0 | M50: =+(H50*($H$6))+(J50*($J$6))+(K50*($K$6))+(L50*($L$6)) -> 0 | N50: =+M50/G50 -> #DIV/0! | Q50: =R49 -> 0 | S50: =(R50-Q50)/100 -> 0 | T50: =U49 -> 0 | V50: =(U50-T50)/100 -> 0
D51: =1+C51-B51 -> 1 | G51: =(F51-E51)/100 -> 0 | M51: =+(H51*($H$6))+(J51*($J$6))+(K51*($K$6))+(L51*($L$6)) -> 0 | N51: =+M51/G51 -> #DIV/0! | Q51: =R50 -> 0 | S51: =(R51-Q51)/100 -> 0 | T51: =U50 -> 0 | V51: =(U51-T51)/100 -> 0
D52: =1+C52-B52 -> 1 | E52: =F51 -> 0 | G52: =(F52-E52)/100 -> 0 | M52: =+(H52*($H$6))+(J52*($J$6))+(K52*($K$6))+(L52*($L$6)) -> 0 | N52: =+M52/G52 -> #DIV/0! | Q52: =R51 -> 0 | S52: =(R52-Q52)/100 -> 0 | T52: =U51 -> 0 | V52: =(U52-T52)/100 -> 0
D53: =1+C53-B53 -> 1 | E53: =F52 -> 0 | G53: =(F53-E53)/100 -> 0 | M53: =+(H53*($H$6))+(J53*($J$6))+(K53*($K$6))+(L53*($L$6)) -> 0 | N53: =+M53/G53 -> #DIV/0! | Q53: =R52 -> 0 | S53: =(R53-Q53)/100 -> 0 | T53: =U52 -> 0 | V53: =(U53-T53)/100 -> 0
D54: =1+C54-B54 -> 1 | E54: =F53 -> 0 | G54: =(F54-E54)/100 -> 0 | M54: =+(H54*($H$6))+(J54*($J$6))+(K54*($K$6))+(L54*($L$6)) -> 0 | N54: =+M54/G54 -> #DIV/0! | Q54: =R53 -> 0 | S54: =(R54-Q54)/100 -> 0 | T54: =U53 -> 0 | V54: =(U54-T54)/100 -> 0
D55: =1+C55-B55 -> 1 | E55: =F54 -> 0 | G55: =(F55-E55)/100 -> 0 | M55: =+(H55*($H$6))+(J55*($J$6))+(K55*($K$6))+(L55*($L$6)) -> 0 | N55: =+M55/G55 -> #DIV/0! | Q55: =R54 -> 0 | S55: =(R55-Q55)/100 -> 0 | T55: =U54 -> 0 | V55: =(U55-T55)/100 -> 0
D56: =1+C56-B56 -> 1 | E56: =F55 -> 0 | G56: =(F56-E56)/100 -> 0 | M56: =+(H56*($H$6))+(J56*($J$6))+(K56*($K$6))+(L56*($L$6)) -> 0 | N56: =+M56/G56 -> #DIV/0! | Q56: =R55 -> 0 | S56: =(R56-Q56)/100 -> 0 | T56: =U55 -> 0 | V56: =(U56-T56)/100 -> 0
D57: =1+C57-B57 -> 1 | E57: =F56 -> 0 | G57: =(F57-E57)/100 -> 0 | M57: =+(H57*($H$6))+(J57*($J$6))+(K57*($K$6))+(L57*($L$6)) -> 0 | N57: =+M57/G57 -> #DIV/0! | Q57: =R56 -> 0 | S57: =(R57-Q57)/100 -> 0 | T57: =U56 -> 0 | V57: =(U57-T57)/100 -> 0 | AG57: 3
D58: =1+C58-B58 -> 1 | E58: =F57 -> 0 | G58: =(F58-E58)/100 -> 0 | M58: =+(H58*($H$6))+(J58*($J$6))+(K58*($K$6))+(L58*($L$6)) -> 0 | N58: =+M58/G58 -> #DIV/0! | Q58: =R57 -> 0 | S58: =(R58-Q58)/100 -> 0 | T58: =U57 -> 0 | V58: =(U58-T58)/100 -> 0
D59: =1+C59-B59 -> 1 | E59: =F58 -> 0 | G59: =(F59-E59)/100 -> 0 | M59: =+(H59*($H$6))+(J59*($J$6))+(K59*($K$6))+(L59*($L$6)) -> 0 | N59: =+M59/G59 -> #DIV/0! | Q59: =R58 -> 0 | S59: =(R59-Q59)/100 -> 0 | T59: =U58 -> 0 | V59: =(U59-T59)/100 -> 0
D60: =1+C60-B60 -> 1 | E60: =F59 -> 0 | G60: =(F60-E60)/100 -> 0 | M60: =+(H60*($H$6))+(J60*($J$6))+(K60*($K$6))+(L60*($L$6)) -> 0 | N60: =+M60/G60 -> #DIV/0! | Q60: =R59 -> 0 | S60: =(R60-Q60)/100 -> 0 | T60: =U59 -> 0 | V60: =(U60-T60)/100 -> 0
D61: =1+C61-B61 -> 1 | E61: =F60 -> 0 | G61: =(F61-E61)/100 -> 0 | M61: =+(H61*($H$6))+(J61*($J$6))+(K61*($K$6))+(L61*($L$6)) -> 0 | N61: =+M61/G61 -> #DIV/0! | Q61: =R60 -> 0 | S61: =(R61-Q61)/100 -> 0 | T61: =U60 -> 0 | V61: =(U61-T61)/100 -> 0
D62: =1+C62-B62 -> 1 | E62: =F61 -> 0 | G62: =(F62-E62)/100 -> 0 | M62: =+(H62*($H$6))+(J62*($J$6))+(K62*($K$6))+(L62*($L$6)) -> 0 | N62: =+M62/G62 -> #DIV/0! | Q62: =R61 -> 0 | S62: =(R62-Q62)/100 -> 0 | T62: =U61 -> 0 | V62: =(U62-T62)/100 -> 0
D63: =1+C63-B63 -> 1 | E63: =F62 -> 0 | G63: =(F63-E63)/100 -> 0 | M63: =+(H63*($H$6))+(J63*($J$6))+(K63*($K$6))+(L63*($L$6)) -> 0 | N63: =+M63/G63 -> #DIV/0! | Q63: =R62 -> 0 | S63: =(R63-Q63)/100 -> 0 | T63: =U62 -> 0 | V63: =(U63-T63)/100 -> 0
D64: =1+C64-B64 -> 1 | E64: =F63 -> 0 | G64: =(F64-E64)/100 -> 0 | M64: =+(H64*($H$6))+(J64*($J$6))+(K64*($K$6))+(L64*($L$6)) -> 0 | N64: =+M64/G64 -> #DIV/0! | Q64: =R63 -> 0 | S64: =(R64-Q64)/100 -> 0 | T64: =U63 -> 0 | V64: =(U64-T64)/100 -> 0
D65: =1+C65-B65 -> 1 | E65: =F64 -> 0 | G65: =(F65-E65)/100 -> 0 | M65: =+(H65*($H$6))+(J65*($J$6))+(K65*($K$6))+(L65*($L$6)) -> 0 | N65: =+M65/G65 -> #DIV/0! | Q65: =R64 -> 0 | S65: =(R65-Q65)/100 -> 0 | T65: =U64 -> 0 | V65: =(U65-T65)/100 -> 0
D66: =1+C66-B66 -> 1 | E66: =F65 -> 0 | G66: =(F66-E66)/100 -> 0 | M66: =+(H66*($H$6))+(J66*($J$6))+(K66*($K$6))+(L66*($L$6)) -> 0 | N66: =+M66/G66 -> #DIV/0! | Q66: =R65 -> 0 | S66: =(R66-Q66)/100 -> 0 | T66: =U65 -> 0 | V66: =(U66-T66)/100 -> 0
D67: =1+C67-B67 -> 1 | E67: =F66 -> 0 | G67: =(F67-E67)/100 -> 0 | M67: =+(H67*($H$6))+(J67*($J$6))+(K67*($K$6))+(L67*($L$6)) -> 0 | N67: =+M67/G67 -> #DIV/0! | Q67: =R66 -> 0 | S67: =(R67-Q67)/100 -> 0 | T67: =U66 -> 0 | V67: =(U67-T67)/100 -> 0
D68: =1+C68-B68 -> 1 | E68: =F67 -> 0 | G68: =(F68-E68)/100 -> 0 | M68: =+(H68*($H$6))+(J68*($J$6))+(K68*($K$6))+(L68*($L$6)) -> 0 | N68: =+M68/G68 -> #DIV/0! | Q68: =R67 -> 0 | S68: =(R68-Q68)/100 -> 0 | T68: =U67 -> 0 | V68: =(U68-T68)/100 -> 0
D69: =1+C69-B69 -> 1 | E69: =F68 -> 0 | G69: =(F69-E69)/100 -> 0 | M69: =+(H69*($H$6))+(J69*($J$6))+(K69*($K$6))+(L69*($L$6)) -> 0 | N69: =+M69/G69 -> #DIV/0! | Q69: =R68 -> 0 | S69: =(R69-Q69)/100 -> 0 | T69: =U68 -> 0 | V69: =(U69-T69)/100 -> 0
... D87: =1+C87-B87 -> 1 | E87: =F86 -> 0 | G87: =(F87-E87)/100 -> 0 | M87: =+(H87*($H$6))+(J87*($J$6))+(K87*($K$6))+(L87*($L$6)) -> 0 | N87: =+M87/G87 -> #DIV/0! | Q87: =R86 -> 0 | S87: =(R87-Q87)/100 -> 0 | T87: =U86 -> 0 | V87: =(U87-T87)/100 -> 0
D88: =1+C88-B88 -> 1 | E88: =F87 -> 0 | G88: =(F88-E88)/100 -> 0 | M88: =+(H88*($H$6))+(J88*($J$6))+(K88*($K$6))+(L88*($L$6)) -> 0 | N88: =+M88/G88 -> #DIV/0! | Q88: =R87 -> 0 | S88: =(R88-Q88)/100 -> 0 | T88: =U87 -> 0 | V88: =(U88-T88)/100 -> 0 | AG88: 3
D89: =1+C89-B89 -> 1 | E89: =F88 -> 0 | G89: =(F89-E89)/100 -> 0 | M89: =+(H89*($H$6))+(J89*($J$6))+(K89*($K$6))+(L89*($L$6)) -> 0 | N89: =+M89/G89 -> #DIV/0! | Q89: =R88 -> 0 | S89: =(R89-Q89)/100 -> 0 | T89: =U88 -> 0 | V89: =(U89-T89)/100 -> 0
D90: =1+C90-B90 -> 1 | E90: =F89 -> 0 | G90: =(F90-E90)/100 -> 0 | M90: =+(H90*($H$6))+(J90*($J$6))+(K90*($K$6))+(L90*($L$6)) -> 0 | N90: =+M90/G90 -> #DIV/0! | Q90: =R89 -> 0 | S90: =(R90-Q90)/100 -> 0 | T90: =U89 -> 0 | V90: =(U90-T90)/100 -> 0
D91: =1+C91-B91 -> 1 | E91: =F90 -> 0 | G91: =(F91-E91)/100 -> 0 | M91: =+(H91*($H$6))+(J91*($J$6))+(K91*($K$6))+(L91*($L$6)) -> 0 | N91: =+M91/G91 -> #DIV/0! | Q91: =R90 -> 0 | S91: =(R91-Q91)/100 -> 0 | T91: =U90 -> 0 | V91: =(U91-T91)/100 -> 0
D92: =1+C92-B92 -> 1 | E92: =F91 -> 0 | G92: =(F92-E92)/100 -> 0 | M92: =+(H92*($H$6))+(J92*($J$6))+(K92*($K$6))+(L92*($L$6)) -> 0 | N92: =+M92/G92 -> #DIV/0! | Q92: =R91 -> 0 | S92: =(R92-Q92)/100 -> 0 | T92: =U91 -> 0 | V92: =(U92-T92)/100 -> 0
D93: =1+C93-B93 -> 1 | E93: =F92 -> 0 | G93: =(F93-E93)/100 -> 0 | M93: =+(H93*($H$6))+(J93*($J$6))+(K93*($K$6))+(L93*($L$6)) -> 0 | N93: =+M93/G93 -> #DIV/0! | Q93: =R92 -> 0 | S93: =(R93-Q93)/100 -> 0 | T93: =U92 -> 0 | V93: =(U93-T93)/100 -> 0
D94: =1+C94-B94 -> 1 | E94: =F93 -> 0 | G94: =(F94-E94)/100 -> 0 | M94: =+(H94*($H$6))+(J94*($J$6))+(K94*($K$6))+(L94*($L$6)) -> 0 | N94: =+M94/G94 -> #DIV/0! | Q94: =R93 -> 0 | S94: =(R94-Q94)/100 -> 0 | T94: =U93 -> 0 | V94: =(U94-T94)/100 -> 0
D95: =1+C95-B95 -> 1 | E95: =F94 -> 0 | G95: =(F95-E95)/100 -> 0 | M95: =+(H95*($H$6))+(J95*($J$6))+(K95*($K$6))+(L95*($L$6)) -> 0 | N95: =+M95/G95 -> #DIV/0! | Q95: =R94 -> 0 | S95: =(R95-Q95)/100 -> 0 | T95: =U94 -> 0 | V95: =(U95-T95)/100 -> 0
D96: =1+C96-B96 -> 1 | E96: =F95 -> 0 | G96: =(F96-E96)/100 -> 0 | M96: =+(H96*($H$6))+(J96*($J$6))+(K96*($K$6))+(L96*($L$6)) -> 0 | N96: =+M96/G96 -> #DIV/0! | Q96: =R95 -> 0 | S96: =(R96-Q96)/100 -> 0 | T96: =U95 -> 0 | V96: =(U96-T96)/100 -> 0
D97: =1+C97-B97 -> 1 | E97: =F96 -> 0 | G97: =(F97-E97)/100 -> 0 | M97: =+(H97*($H$6))+(J97*($J$6))+(K97*($K$6))+(L97*($L$6)) -> 0 | N97: =+M97/G97 -> #DIV/0! | Q97: =R96 -> 0 | S97: =(R97-Q97)/100 -> 0 | T97: =U96 -> 0 | V97: =(U97-T97)/100 -> 0
D98: =1+C98-B98 -> 1 | E98: =F97 -> 0 | G98: =(F98-E98)/100 -> 0 | M98: =+(H98*($H$6))+(J98*($J$6))+(K98*($K$6))+(L98*($L$6)) -> 0 | N98: =+M98/G98 -> #DIV/0! | Q98: =R97 -> 0 | S98: =(R98-Q98)/100 -> 0 | T98: =U97 -> 0 | V98: =(U98-T98)/100 -> 0
D99: =1+C99-B99 -> 1 | E99: =F98 -> 0 | G99: =(F99-E99)/100 -> 0 | M99: =+(H99*($H$6))+(J99*($J$6))+(K99*($K$6))+(L99*($L$6)) -> 0 | N99: =+M99/G99 -> #DIV/0! | Q99: =R98 -> 0 | S99: =(R99-Q99)/100 -> 0 | T99: =U98 -> 0 | V99: =(U99-T99)/100 -> 0
D100: =1+C100-B100 -> 1 | E100: =F99 -> 0 | G100: =(F100-E100)/100 -> 0 | M100: =+(H100*($H$6))+(J100*($J$6))+(K100*($K$6))+(L100*($L$6)) -> 0 | N100: =+M100/G100 -> #DIV/0! | Q100: =R99 -> 0 | S100: =(R100-Q100)/100 -> 0 | T100: =U99 -> 0 | V100: =(U100-T100)/100 -> 0
... D109: =1+C109-B109 -> 1 | E109: =F108 -> 0 | G109: =(F109-E109)/100 -> 0 | M109: =+(H109*($H$6))+(J109*($J$6))+(K109*($K$6))+(L109*($L$6)) -> 0 | N109: =+M109/G109 -> #DIV/0! | Q109: =R108 -> 0 | S109: =(R109-Q109)/100 -> 0 | T109: =U108 -> 0 | V109: =(U109-T109)/100 -> 0
D110: =1+C110-B110 -> 1 | E110: =F109 -> 0 | G110: =(F110-E110)/100 -> 0 | M110: =+(H110*($H$6))+(J110*($J$6))+(K110*($K$6))+(L110*($L$6)) -> 0 | N110: =+M110/G110 -> #DIV/0! | Q110: =R109 -> 0 | S110: =(R110-Q110)/100 -> 0 | T110: =U109 -> 0 | V110: =(U110-T110)/10 -> 0
D111: =1+C111-B111 -> 1 | E111: =F110 -> 0 | G111: =(F111-E111)/100 -> 0 | M111: =+(H111*($H$6))+(J111*($J$6))+(K111*($K$6))+(L111*($L$6)) -> 0 | N111: =+M111/G111 -> #DIV/0! | Q111: =R110 -> 0 | S111: =(R111-Q111)/100 -> 0 | T111: =U110 -> 0 | V111: =(U111-T111)/10 -> 0
D112: =1+C112-B112 -> 1 | E112: =F111 -> 0 | G112: =(F112-E112)/100 -> 0 | M112: =+(H112*($H$6))+(J112*($J$6))+(K112*($K$6))+(L112*($L$6)) -> 0 | N112: =+M112/G112 -> #DIV/0! | Q112: =R111 -> 0 | S112: =(R112-Q112)/100 -> 0 | T112: =U111 -> 0 | V112: =(U112-T112)/10 -> 0
D113: =1+C113-B113 -> 1 | E113: =F112 -> 0 | G113: =(F113-E113)/100 -> 0 | M113: =+(H113*($H$6))+(J113*($J$6))+(K113*($K$6))+(L113*($L$6)) -> 0 | N113: =+M113/G113 -> #DIV/0! | Q113: =R112 -> 0 | S113: =(R113-Q113)/100 -> 0 | T113: =U112 -> 0 | V113: =(U113-T113)/10 -> 0
D114: =1+C114-B114 -> 1 | E114: =F113 -> 0 | G114: =(F114-E114)/100 -> 0 | M114: =+(H114*($H$6))+(J114*($J$6))+(K114*($K$6))+(L114*($L$6)) -> 0 | N114: =+M114/G114 -> #DIV/0! | Q114: =R113 -> 0 | S114: =(R114-Q114)/100 -> 0 | T114: =U113 -> 0 | V114: =(U114-T114)/10 -> 0
D115: =1+C115-B115 -> 1 | E115: =F114 -> 0 | G115: =(F115-E115)/100 -> 0 | M115: =+(H115*($H$6))+(J115*($J$6))+(K115*($K$6))+(L115*($L$6)) -> 0 | N115: =+M115/G115 -> #DIV/0! | Q115: =R114 -> 0 | S115: =(R115-Q115)/100 -> 0 | T115: =U114 -> 0 | V115: =(U115-T115)*10 -> 0
D116: =1+C116-B116 -> 1 | E116: =F115 -> 0 | G116: =(F116-E116)/100 -> 0 | M116: =+(H116*($H$6))+(J116*($J$6))+(K116*($K$6))+(L116*($L$6)) -> 0 | N116: =+M116/G116 -> #DIV/0! | Q116: =R115 -> 0 | S116: =(R116-Q116)/100 -> 0 | T116: =U115 -> 0 | V116: =(U116-T116)*10 -> 0
D117: =1+C117-B117 -> 1 | E117: =F116 -> 0 | G117: =(F117-E117)/100 -> 0 | M117: =+(H117*($H$6))+(J117*($J$6))+(K117*($K$6))+(L117*($L$6)) -> 0 | N117: =+M117/G117 -> #DIV/0! | Q117: =R116 -> 0 | S117: =(R117-Q117)/100 -> 0 | T117: =U116 -> 0 | V117: =(U117-T117)*10 -> 0
D118: =1+C118-B118 -> 1 | E118: =F117 -> 0 | G118: =(F118-E118)/100 -> 0 | M118: =+(H118*($H$6))+(J118*($J$6))+(K118*($K$6))+(L118*($L$6)) -> 0 | N118: =+M118/G118 -> #DIV/0! | Q118: =R117 -> 0 | S118: =(R118-Q118)/100 -> 0 | T118: =U117 -> 0 | V118: =(U118-T118)*10 -> 0
D119: =1+C119-B119 -> 1 | E119: =F118 -> 0 | G119: =(F119-E119)/100 -> 0 | M119: =+(H119*($H$6))+(J119*($J$6))+(K119*($K$6))+(L119*($L$6)) -> 0 | N119: =+M119/G119 -> #DIV/0! | Q119: =R118 -> 0 | S119: =(R119-Q119)/100 -> 0 | T119: =U118 -> 0 | V119: =(U119-T119)*10 -> 0
D120: =1+C120-B120 -> 1 | E120: =F119 -> 0 | G120: =(F120-E120)/100 -> 0 | M120: =+(H120*($H$6))+(J120*($J$6))+(K120*($K$6))+(L120*($L$6)) -> 0 | N120: =+M120/G120 -> #DIV/0! | Q120: =R119 -> 0 | S120: =(R120-Q120)/100 -> 0 | T120: =U119 -> 0 | V120: =(U120-T120)*10 -> 0
D121: =1+C121-B121 -> 1 | E121: =F120 -> 0 | G121: =(F121-E121)/100 -> 0 | M121: =+(H121*($H$6))+(J121*($J$6))+(K121*($K$6))+(L121*($L$6)) -> 0 | N121: =+M121/G121 -> #DIV/0! | Q121: =R120 -> 0 | S121: =(R121-Q121)/100 -> 0 | T121: =U120 -> 0 | V121: =(U121-T121)*10 -> 0
D122: =1+C122-B122 -> 1 | E122: =F121 -> 0 | G122: =(F122-E122)/100 -> 0 | M122: =+(H122*($H$6))+(J122*($J$6))+(K122*($K$6))+(L122*($L$6)) -> 0 | N122: =+M122/G122 -> #DIV/0! | Q122: =R121 -> 0 | S122: =(R122-Q122)/10 -> 0 | T122: =U121 -> 0 | V122: =(U122-T122)*10 -> 0
D123: =1+C123-B123 -> 1 | E123: =F122 -> 0 | G123: =(F123-E123)/100 -> 0 | M123: =+(H123*($H$6))+(J123*($J$6))+(K123*($K$6))+(L123*($L$6)) -> 0 | N123: =+M123/G123 -> #DIV/0! | Q123: =R122 -> 0 | S123: =(R123-Q123)/10 -> 0 | T123: =U122 -> 0 | V123: =(U123-T123)*10 -> 0
D124: =1+C124-B124 -> 1 | E124: =F123 -> 0 | G124: =(F124-E124)/100 -> 0 | M124: =+(H124*($H$6))+(J124*($J$6))+(K124*($K$6))+(L124*($L$6)) -> 0 | N124: =+M124/G124 -> #DIV/0! | Q124: =R123 -> 0 | S124: =(R124-Q124)/10 -> 0 | T124: =U123 -> 0 | V124: =(U124-T124)*10 -> 0
D125: =1+C125-B125 -> 1 | G125: =(F125-E125)/100 -> 0 | M125: =+(H125*($H$6))+(J125*($J$6))+(K125*($K$6))+(L125*($L$6)) -> 0 | N125: =+M125/G125 -> #DIV/0! | Q125: =R124 -> 0 | S125: =(R125-Q125)/10 -> 0 | T125: =U124 -> 0 | V125: =(U125-T125)*10 -> 0
...

Sheet Hoja1
E4: FECHA | F4: MAQUINARIA | G4: CONDICIONES DE TRABAJO | L4: HORAS DE TRABAJO | M4: HORAS ESTIMADAS | N4: DIFERENCIA DE HORAS | O4: PRODUCCION EN KG | P4: CAPACIDAD ESTIMADA EN KG | Q4: RENDIMIENTO % | R4: OBSERVACIONES | AA4: FECHA | AB4: MAQUINARIA | AC4: CONDICIONES DE TRABAJO | AH4: HORAS DE TRABAJO | AI4: HORAS ESTIMADAS | AJ4: DIFERENCIA DE HORAS | AK4: PRODUCCION EN KG | AL4: CAPACIDAD ESTIMADA EN KG | AM4: RENDIMIENTO % | AN4: OBSERVACIONES
G5: CG | H5: CP | I5: TE | J5: AM | K5: EP | AC5: CG | AD5: CP | AE5: TE | AF5: AM | AG5: EP
E6: 2 al 8 de octubre | F6: TUBULAR VERDE | H6: X | L6: ='TUBULAR VERDE'!G35 -> 5.69 | M6: 168 | N6: =M6-L6 -> 162.31 | O6: ='TUBULAR VERDE'!M35 -> 864 | P6: 31500 | Q6: =O6/P6 -> 0.027428571 | R6: capacitaciones | AA6: 1 AL 7 DE ENERO 2024 | AB6: TUBULAR VERDE | AD6: X | AH6: 126 | AI6: 168 | AJ6: =AI6-AH6 -> 42 | AK6: 22565 | AL6: 28000 | AM6: =AK6/AL6 -> 0.80589286 | AN6: SE APAGA MAQUINAS POR DOS DIAS 1 AL 2 DE ENERO
F7: ESCARCHA GRUESA | L7: ='MAQUINA DE ESCARCHA GRUESA'!G37 -> 3.71 | M7: 168 | N7: =M7-L7 -> 164.29 | O7: ='MAQUINA DE ESCARCHA GRUESA'!O37 -> 1850 | P7: 105000 | Q7: =O7/P7 -> 0.017619048 | R7: capacitaciones | AB7: ESCARCHA GRUESA | AD7: X | AH7: 129 | AI7: 168 | AJ7: =AI7-AH7 -> 39 | AK7: 70186 | AL7: 101500 | AM7: =AK7/AL7 -> 0.69148768 | AN7: SE CAMBIA AL COMPRESOR PEQUEÑO.
G8: GR | I8: AG | J8: AC | AC8: GR | AE8: AG | AF8: AC
F9: TUBULAR GRIS | L9: =GRIS!G35 -> 7.68 | M9: 168 | N9: =M9-L9 -> 160.32 | O9: =GRIS!N35 -> 2900 | P9: 70000 | Q9: =O9/P9 -> 0.041428571 | R9: capacitaciones | AB9: TUBULAR GRIS | AH9: 138 | AI9: 168 | AJ9: =AI9-AH9 -> 30 | AK9: 53523 | AL9: 70000 | AM9: =AK9/AL9 -> 0.76461429 | AN9: SE APAGA MAQUINAS POR 2 DIAS
F10: TUBULAR AZUL | L10: ='TUBULAR AZUL'!G23 -> 8.12 | M10: 168 | N10: =M10-L10 -> 159.88 | O10: ='TUBULAR AZUL'!M23 -> 612 | P10: 17500 | Q10: =O10/P10 -> 0.034971429 | R10: en prueba para entrega | AB10: TUBULAR AZUL | AH10: 95.39 | AI10: 168 | AJ10: =AI10-AH10 -> 72.61 | AK10: 10259 | AL10: 14000 | AM10: =AK10/AL10 -> 0.73278571 | AN10: SE APAGA MAQUINAS POR 2 DIAS Y PRESENTO FUGA DE GAS
F11: ESCARCHA FINA | L11: ='MAQUINA FINA'!G20 -> 0 | M11: 168 | N11: =M11-L11 -> 168 | O11: ='MAQUINA FINA'!I20 -> 0 | P11: 42000 | Q11: =O11/P11 -> 0 | R11: se prende por 3 dias por demanda | AB11: ESCARCHA FINA | AH11: ='MAQUINA FINA'!AC20 -> 0 | AI11: 168 | AJ11: =AI11-AH11 -> 168 | AK11: ='MAQUINA FINA'!AE20 -> 0 | AL11: 42000 | AM11: =AK11/AL11 -> 0
F12: PRODUCCION TOTAL | L12: =SUM(L6:L11)/5 -> 5.04 | O12: =SUM(O6:O11) -> 6226 | P12: =SUM(P6:P11) -> 266000 | AB12: PRODUCCION TOTAL | AH12: =SUM(AH6:AH11)/5 -> 97.678 | AK12: =SUM(AK6:AK11) -> 156533 | AL12: =SUM(AL6:AL11) -> 255500
E13: FECHA | F13: MAQUINARIA | G13: CONDICIONES DE TRABAJO | L13: HORAS DE TRABAJO | M13: HORAS ESTIMADAS | N13: DIFERENCIA DE HORAS | O13: PRODUCCION EN KG | P13: CAPACIDAD ESTIMADA EN KG | Q13: RENDIMIENTO % | R13: OBSERVACIONES | AA13: FECHA | AB13: MAQUINARIA | AC13: CONDICIONES DE TRABAJO | AH13: HORAS DE TRABAJO | AI13: HORAS ESTIMADAS | AJ13: DIFERENCIA DE HORAS | AK13: PRODUCCION EN KG | AL13: CAPACIDAD ESTIMADA EN KG | AM13: RENDIMIENTO % | AN13: OBSERVACIONES
G14: CG | H14: CP | I14: TE | J14: AM | K14: EP | AC14: CG | AD14: CP | AE14: TE | AF14: AM | AG14: EP | AN14: SE CAMBIA DE COMPRESOR AL GRANDE
E15: 9 al 15 de octubre | F15: TUBULAR VERDE | G15: x | H15: x | L15: ='TUBULAR VERDE'!G62 -> 0 | M15: 168 | N15: =M15-L15 -> 168 | O15: ='TUBULAR VERDE'!M62 -> 0 | P15: 31500 | Q15: =O15/P15 -> 0 | R15: compreor pequeño por 3 dias | AA15: 8 AL 14 DE ENERO | AB15: TUBULAR VERDE | AC15: X | AH15: 165.67 | AI15: 168 | AJ15: =AI15-AH15 -> 2.33 | AK15: 26639 | AL15: 28000 | AM15: =AK15/AL15 -> 0.95139286 | AN15: SE HA REPORTADA BAJA EN SU RENDIMIENTO
F16: ESCARCHA GRUESA | L16: ='MAQUINA DE ESCARCHA GRUESA'!G62 -> 0 | M16: 168 | N16: =M16-L16 -> 168 | O16: ='MAQUINA DE ESCARCHA GRUESA'!O62 -> 0 | P16: 105000 | Q16: =O16/P16 -> 0 | R16: compreor pequeño por 3 dias | AB16: ESCARCHA GRUESA | AC16: X | AH16: 163 | AI16: 168 | AJ16: =AI16-AH16 -> 5 | AK16: 92975 | AL16: 101500 | AM16: =AK16/AL16 -> 0.91600985 | AN16: SE HACE LIMPIEZA POR 3 HORAS A LA ESCARCHA GRUESA
G17: GR | I17: AG | J17: AC | AC17: GR | AE17: AG | AF17: AC
F18: TUBULAR GRIS | L18: =GRIS!G61 -> 0 | M18: 168 | N18: =M18-L18 -> 168 | O18: =GRIS!N61 -> 0 | P18: 70000 | Q18: =O18/P18 -> 0 | AB18: TUBULAR GRIS | AH18: 158 | AI18: 168 | AJ18: =AI18-AH18 -> 10 | AK18: 63940 | AL18: 70000 | AM18: =AK18/AL18 -> 0.91342857 | AN18: SE HA REPORTADA BAJA EN SU RENDIMIENTO
F19: TUBULAR AZUL | L19: ='TUBULAR AZUL'!G39 -> 7.89 | M19: 168 | N19: =M19-L19 -> 160.11 | O19: ='TUBULAR AZUL'!M39 -> 837 | P19: 17500 | Q19: =O19/P19 -> 0.047828571 | R19: en prueba para entrega | AB19: TUBULAR AZUL | AH19: 66.1 | AI19: 168 | AJ19: =AI19-AH19 -> 101.9 | AK19: 6690 | AL19: 14000 | AM19: =AK19/AL19 -> 0.47785714 | AN19: LIMPIEZA CON ACIDO-GRIS 3 HORAS.
F20: ESCARCHA FINA | L20: 0 | M20: 168 | N20: =M20-L20 -> 168 | O20: 0 | P20: 42000 | Q20: =O20/P20 -> 0 | R20: se deja apagada | AB20: ESCARCHA FINA | AH20: 0 | AI20: 168 | AJ20: =AI20-AH20 -> 168 | AK20: 0 | AL20: 42000 | AM20: =AK20/AL20 -> 0 | AN20: AZUL PRESENTA FUGA DE GAS 4 DIAS SIN TRABAJAR
F21: PRODUCCION TOTAL | L21: =SUM(L15:L20)/5 -> 1.578 | O21: =SUM(O15:O20) -> 837 | AB21: PRODUCCION TOTAL | AH21: =SUM(AH15:AH20)/5 -> 110.554 | AK21: =SUM(AK15:AK20) -> 190244
E22: FECHA | F22: MAQUINARIA | G22: CONDICIONES DE TRABAJO | L22: HORAS DE TRABAJO | M22: HORAS ESTIMADAS | N22: DIFERENCIA DE HORAS | O22: PRODUCCION EN KG | P22: CAPACIDAD ESTIMADA EN KG | Q22: RENDIMIENTO % | R22: OBSERVACIONES | AA22: FECHA | AB22: MAQUINARIA | AC22: CONDICIONES DE TRABAJO | AH22: HORAS DE TRABAJO | AI22: HORAS ESTIMADAS | AJ22: DIFERENCIA DE HORAS | AK22: PRODUCCION EN KG | AL22: CAPACIDAD ESTIMADA EN KG | AM22: RENDIMIENTO % | AN22: OBSERVACIONES
G23: CG | H23: CP | I23: TE | J23: AM | K23: EP | AC23: CG | AD23: CP | AE23: TE | AF23: AM | AG23: EP
E24: 16 al 22 de octubre | F24: TUBULAR VERDE | H24: x | L24: ='TUBULAR VERDE'!G87 -> 0 | M24: 168 | N24: =M24-L24 -> 168 | O24: ='TUBULAR VERDE'!M87 -> 0 | P24: 31500 | Q24: =O24/P24 -> 0 | R24: compresor pequeño | AA24: 13 AL 19 DE NOVIEMBRE | AB24: TUBULAR VERDE | AD24: x | AH24: ='TUBULAR VERDE'!AC87 -> 0 | AI24: 168 | AJ24: =AI24-AH24 -> 168 | AK24: ='TUBULAR VERDE'!AI87 -> 0 | AL24: 31500 | AM24: =AK24/AL24 -> 0 | AN24: compresor pequeño
F25: ESCARCHA GRUESA | L25: ='MAQUINA DE ESCARCHA GRUESA'!G87 -> 0 | M25: 168 | N25: =M25-L25 -> 168 | O25: ='MAQUINA DE ESCARCHA GRUESA'!O87 -> 0 | P25: 105000 | Q25: =O25/P25 -> 0 | R25: compresor pequeño | AB25: ESCARCHA GRUESA | AH25: ='MAQUINA DE ESCARCHA GRUESA'!AC87 -> 0 | AI25: 168 | AJ25: =AI25-AH25 -> 168 | AK25: ='MAQUINA DE ESCARCHA GRUESA'!AK87 -> 0 | AL25: 105000 | AM25: =AK25/AL25 -> 0 | AN25: compresor pequeño
G26: GR | I26: AG | J26: AC | AC26: GR | AE26: AG | AF26: AC
F27: TUBULAR GRIS | L27: =GRIS!G80 -> 0 | M27: 168 | N27: =M27-L27 -> 168 | O27: =GRIS!N80 -> 0 | P27: 70000 | Q27: =O27/P27 -> 0 | R27: presenta fallas | AB27: TUBULAR GRIS | AH27: =GRIS!AC80 -> 0 | AI27: 168 | AJ27: =AI27-AH27 -> 168 | AK27: =GRIS!AJ80 -> 0 | AL27: 70000 | AM27: =AK27/AL27 -> 0 | AN27: presenta fallas
F28: TUBULAR AZUL | L28: ='TUBULAR AZUL'!G61 -> 0 | M28: 168 | N28: =M28-L28 -> 168 | O28: ='TUBULAR AZUL'!M61 -> 0 | P28: 17500 | Q28: =O28/P28 -> 0 | R28: cuchilla, entra en mantenimiento | AB28: TUBULAR AZUL | AH28: ='TUBULAR AZUL'!AC61 -> 0 | AI28: 168 | AJ28: =AI28-AH28 -> 168 | AK28: ='TUBULAR AZUL'!AI61 -> 0 | AL28: 17500 | AM28: =AK28/AL28 -> 0 | AN28: cuchilla, entra en mantenimiento
F29: ESCARCHA FINA | L29: 0 | M29: 168 | N29: =M29-L29 -> 168 | O29: 0 | P29: 42000 | Q29: =O29/P29 -> 0 | R29: se deja apagada | AB29: ESCARCHA FINA | AH29: 0 | AI29: 168 | AJ29: =AI29-AH29 -> 168 | AK29: 0 | AL29: 42000 | AM29: =AK29/AL29 -> 0 | AN29: se deja apagada
L30: =SUM(L24:L29)/5 -> 0 | O30: =SUM(O24:O29) -> 0 | AH30: =SUM(AH24:AH29)/5 -> 0 | AK30: =SUM(AK24:AK29) -> 0
E31: FECHA | F31: MAQUINARIA | G31: CONDICIONES DE TRABAJO | L31: HORAS DE TRABAJO | M31: HORAS ESTIMADAS | N31: DIFERENCIA DE HORAS | O31: PRODUCCION EN KG | P31: CAPACIDAD ESTIMADA EN KG | Q31: RENDIMIENTO % | R31: OBSERVACIONES | AA31: FECHA | AB31: MAQUINARIA | AC31: CONDICIONES DE TRABAJO | AH31: HORAS DE TRABAJO | AI31: HORAS ESTIMADAS | AJ31: DIFERENCIA DE HORAS | AK31: PRODUCCION EN KG | AL31: CAPACIDAD ESTIMADA EN KG | AM31: RENDIMIENTO % | AN31: OBSERVACIONES
G32: CG | H32: CP | I32: TE | J32: AM | K32: EP | AC32: CG | AD32: CP | AE32: TE | AF32: AM | AG32: EP
E33: 23 al 29 de octubre | F33: TUBULAR VERDE | G33: x | L33: ='TUBULAR VERDE'!G94 -> 0 | M33: 168 | N33: =M33-L33 -> 168 | O33: ='TUBULAR VERDE'!M94 -> 0 | P33: 31500 | Q33: =O33/P33 -> 0 | AA33: 20 AL 26 DE NOVIEMBRE | AB33: TUBULAR VERDE | AC33: x | AH33: ='TUBULAR VERDE'!AC94 -> 0 | AI33: 168 | AJ33: =AI33-AH33 -> 168 | AK33: ='TUBULAR VERDE'!AI94 -> 0 | AL33: 31500 | AM33: =AK33/AL33 -> 0
F34: ESCARCHA GRUESA | L34: ='MAQUINA DE ESCARCHA GRUESA'!G95 -> 0 | M34: 168 | N34: =M34-L34 -> 168 | O34: ='MAQUINA DE ESCARCHA GRUESA'!O95 -> 0 | P34: 105000 | Q34: =O34/P34 -> 0 | AB34: ESCARCHA GRUESA | AH34: ='MAQUINA DE ESCARCHA GRUESA'!AC95 -> 0 | AI34: 168 | AJ34: =AI34-AH34 -> 168 | AK34: ='MAQUINA DE ESCARCHA GRUESA'!AK95 -> 0 | AL34: 105000 | AM34: =AK34/AL34 -> 0
G35: GR | I35: AG | J35: AC | AC35: GR | AE35: AG | AF35: AC
F36: TUBULAR GRIS | L36: =GRIS!G94 -> 0 | M36: 168 | N36: =M36-L36 -> 168 | O36: =GRIS!N94 -> 0 | P36: 70000 | Q36: =O36/P36 -> 0 | AB36: TUBULAR GRIS | AH36: =GRIS!AC94 -> 0 | AI36: 168 | AJ36: =AI36-AH36 -> 168 | AK36: =GRIS!AJ94 -> 0 | AL36: 70000 | AM36: =AK36/AL36 -> 0
F37: TUBULAR AZUL | M37: 168 | N37: =M37-L37 -> 168 | P37: 17500 | Q37: =O37/P37 -> 0 | AB37: TUBULAR AZUL | AI37: 168 | AJ37: =AI37-AH37 -> 168 | AL37: 17500 | AM37: =AK37/AL37 -> 0
F38: ESCARCHA FINA | M38: 168 | N38: =M38-L38 -> 168 | P38: 42000 | Q38: =O38/P38 -> 0 | AB38: ESCARCHA FINA | AI38: 168 | AJ38: =AI38-AH38 -> 168 | AL38: 42000 | AM38: =AK38/AL38 -> 0
F39: PRODUCCION TOTAL | L39: =SUM(L33:L38)/5 -> 0 | O39: =SUM(O33:O38) -> 0 | AB39: PRODUCCION TOTAL | AH39: =SUM(AH33:AH38)/5 -> 0 | AK39: =SUM(AK33:AK38) -> 0
E40: FECHA | F40: MAQUINARIA | G40: CONDICIONES DE TRABAJO | L40: HORAS DE TRABAJO | M40: HORAS ESTIMADAS | N40: DIFERENCIA DE HORAS | O40: PRODUCCION EN KG | P40: CAPACIDAD ESTIMADA EN KG | Q40: RENDIMIENTO % | R40: OBSERVACIONES | AA40: FECHA | AB40: MAQUINARIA | AC40: CONDICIONES DE TRABAJO | AH40: HORAS DE TRABAJO | AI40: HORAS ESTIMADAS | AJ40: DIFERENCIA DE HORAS | AK40: PRODUCCION EN KG | AL40: CAPACIDAD ESTIMADA EN KG | AM40: RENDIMIENTO % | AN40: OBSERVACIONES
G41: CG | H41: CP | I41: TE | J41: AM | K41: EP | AC41: CG | AD41: CP | AE41: TE | AF41: AM | AG41: EP
E42: 30 al 31 de octubre | F42: TUBULAR VERDE | G42: x | L42: ='TUBULAR VERDE'!G121 -> 0 | M42: 168 | N42: =M42-L42 -> 168 | O42: ='TUBULAR VERDE'!M121 -> 0 | P42: 31500 | Q42: =O42/P42 -> 0 | AA42: 27 AL 30 DE NOVIEMBRE | AB42: TUBULAR VERDE | AC42: x | AH42: ='TUBULAR VERDE'!AC121 -> 0 | AI42: 168 | AJ42: =AI42-AH42 -> 168 | AK42: ='TUBULAR VERDE'!AI121 -> 0 | AL42: 31500 | AM42: =AK42/AL42 -> 0
F43: ESCARCHA GRUESA | L43: ='MAQUINA DE ESCARCHA GRUESA'!G122 -> 0 | M43: 168 | N43: =M43-L43 -> 168 | O43: ='MAQUINA DE ESCARCHA GRUESA'!M122 -> 0 | P43: 105000 | Q43: =O43/P43 -> 0 | AB43: ESCARCHA GRUESA | AH43: ='MAQUINA DE ESCARCHA GRUESA'!AC122 -> 0 | AI43: 168 | AJ43: =AI43-AH43 -> 168 | AK43: ='MAQUINA DE ESCARCHA GRUESA'!AI122 -> 0 | AL43: 105000 | AM43: =AK43/AL43 -> 0
G44: GR | I44: AG | J44: AC | AC44: GR | AE44: AG | AF44: AC
F45: TUBULAR GRIS | L45: =GRIS!G120 -> 0 | M45: 168 | N45: =M45-L45 -> 168 | O45: =GRIS!N120 -> 0 | P45: 70000 | Q45: =O45/P45 -> 0 | AB45: TUBULAR GRIS | AH45: =GRIS!AC120 -> 0 | AI45: 168 | AJ45: =AI45-AH45 -> 168 | AK45: =GRIS!AJ120 -> 0 | AL45: 70000 | AM45: =AK45/AL45 -> 0
F46: TUBULAR AZUL | M46: 168 | N46: =M46-L46 -> 168 | P46: 17500 | Q46: =O46/P46 -> 0 | AB46: TUBULAR AZUL | AI46: 168 | AJ46: =AI46-AH46 -> 168 | AL46: 17500 | AM46: =AK46/AL46 -> 0
F47: ESCARCHA FINA | L47: ='MAQUINA FINA'!G35 -> 0 | M47: 168 | N47: =M47-L47 -> 168 | O47: ='MAQUINA FINA'!I35 -> 0 | P47: 42000 | Q47: =O47/P47 -> 0 | AB47: ESCARCHA FINA | AH47: ='MAQUINA FINA'!AC35 -> 0 | AI47: 168 | AJ47: =AI47-AH47 -> 168 | AK47: ='MAQUINA FINA'!AE35 -> 0 | AL47: 42000 | AM47: =AK47/AL47 -> 0
F48: PRODUCCION TOTAL | L48: =SUM(L42:L47)/5 -> 0 | O48: =SUM(O42:O47) -> 0 | AB48: PRODUCCION TOTAL | AH48: =SUM(AH42:AH47)/5 -> 0 | AK48: =SUM(AK42:AK47) -> 0
E49: FECHA | F49: MAQUINARIA | G49: CONDICIONES DE TRABAJO | L49: HORAS DE TRABAJO | M49: HORAS ESTIMADAS | N49: DIFERENCIA DE HORAS | O49: PRODUCCION EN KG | P49: CAPACIDAD ESTIMADA EN KG | Q49: RENDIMIENTO % | R49: OBSERVACIONES | AA49: FECHA | AB49: MAQUINARIA | AC49: CONDICIONES DE TRABAJO | AH49: HORAS DE TRABAJO | AI49: HORAS ESTIMADAS | AJ49: DIFERENCIA DE HORAS | AK49: PRODUCCION EN KG | AL49: CAPACIDAD ESTIMADA EN KG | AM49: RENDIMIENTO % | AN49: OBSERVACIONES
G50: CG | H50: CP | I50: TE | J50: AM | K50: EP | AC50: CG | AD50: CP | AE50: TE | AF50: AM | AG50: EP
E51: TOTAL DEL MES | F51: TUBULAR VERDE | G51: * | H51: * | L51: =L6+L15+L24+L33+L42 -> 5.69 | M51: 720 | N51: =M51-L51 -> 714.31 | O51: =O6+O15+O24+O33+O42 -> 864 | P51: 120000 | Q51: =O51/P51 -> 0.0072 | AA51: TOTAL DEL MES | AB51: TUBULAR VERDE | AC51: * | AD51: * | AH51: =AH6+AH15+AH24+AH33+AH42 -> 291.67 | AI51: 720 | AJ51: =AI51-AH51 -> 428.33 | AK51: =AK6+AK15+AK24+AK33+AK42 -> 49204 | AL51: 120000 | AM51: =AK51/AL51 -> 0.41003333
F52: ESCARCHA GRUESA | L52: =L7+L16+L25+L34+L43 -> 3.71 | M52: 720 | N52: =M52-L52 -> 716.29 | O52: =O7+O16+O25+O34+O43 -> 1850 | P52: 450000 | Q52: =O52/P52 -> 0.0041111111 | AB52: ESCARCHA GRUESA | AH52: =AH7+AH16+AH25+AH34+AH43 -> 292 | AI52: 720 | AJ52: =AI52-AH52 -> 428 | AK52: =AK7+AK16+AK25+AK34+AK43 -> 163161 | AL52: 450000 | AM52: =AK52/AL52 -> 0.36258
G53: GR | I53: AG | J53: AC | AC53: GR | AE53: AG | AF53: AC
F54: TUBULAR GRIS | L54: =L9+L18+L27+L36+L45 -> 7.68 | M54: 720 | N54: =M54-L54 -> 712.32 | O54: =O45+O36+O27+O18+O9 -> 2900 | P54: 300000 | Q54: =O54/P54 -> 0.0096666667 | AB54: TUBULAR GRIS | AH54: =AH9+AH18+AH27+AH36+AH45 -> 296 | AI54: 720 | AJ54: =AI54-AH54 -> 424 | AK54: =AK45+AK36+AK27+AK18+AK9 -> 117463 | AL54: 300000 | AM54: =AK54/AL54 -> 0.39154333
F55: TUBULAR AZUL | L55: =L10+L19+L28+L37+L46 -> 16.01 | M55: 720 | N55: =M55-L55 -> 703.99 | O55: =O46+O37+O28+O19+O10 -> 1449 | P55: 75000 | Q55: =O55/P55 -> 0.01932 | AB55: TUBULAR AZUL | AH55: =AH10+AH19+AH28+AH37+AH46 -> 161.49 | AI55: 720 | AJ55: =AI55-AH55 -> 558.51 | AK55: =AK46+AK37+AK28+AK19+AK10 -> 16949 | AL55: 75000 | AM55: =AK55/AL55 -> 0.22598667
F56: ESCARCHA FINA | L56: =L47+L38+L29+L20+L11 -> 0 | M56: 720 | N56: =M56-L56 -> 720 | O56: =O47+O38+O29+O20+O11 -> 0 | P56: 180000 | Q56: =O56/P56 -> 0 | AB56: ESCARCHA FINA | AH56: =AH47+AH38+AH29+AH20+AH11 -> 0 | AI56: 720 | AJ56: =AI56-AH56 -> 720 | AK56: =AK47+AK38+AK29+AK20+AK11 -> 0 | AL56: 180000 | AM56: =AK56/AL56 -> 0
F57: PRODUCCION TOTAL | L57: =SUM(L51:L56)/5 -> 6.618 | O57: =SUM(O51:O56) -> 7063 | AB57: PRODUCCION TOTAL | AH57: =SUM(AH51:AH56)/5 -> 208.232 | AK57: =SUM(AK51:AK56) -> 346777

Sheet Hoja2
